{"items": [{"location": "BLOCK-5-R-2-S-4", "sku": "SKU-380"}, {"location": "BLOCK-2-R-3-S-10", "sku": "SKU-30"}, {"location": "BLOCK-4-R-3-S-5", "sku": "SKU-184"}], "order_id": "0d2da585-c3f2-4186-804d-da50a5ed5364", "status": "CREATED", "timestamp": "2020-10-01 08:57:45.607840"}
{"items": [{"location": "BLOCK-4-R-1-S-10", "sku": "SKU-887"}, {"location": "BLOCK-4-R-1-S-3", "sku": "SKU-472"}], "order_id": "b124745a-8b97-42b2-9c03-92e274fb572b", "status": "PROCESSING", "timestamp": "2020-10-01 08:57:45.622042"}
{"items": [{"location": "BLOCK-3-R-6-S-3", "sku": "SKU-63"}, {"location": "BLOCK-4-R-3-S-5", "sku": "SKU-589"}, {"location": "BLOCK-1-R-6-S-8", "sku": "SKU-611"}], "order_id": "dc74ef3a-a09c-4ab8-adb8-28661dfe91c4", "status": "CREATED", "timestamp": "2020-10-01 08:58:45.613804"}
{"items": [{"location": "BLOCK-2-R-4-S-7", "sku": "SKU-75"}, {"location": "BLOCK-4-R-2-S-10", "sku": "SKU-793"}], "order_id": "cfb90abd-45f4-4395-a0a3-b63e9e2aa47c", "status": "CREATED", "timestamp": "2020-10-01 08:58:45.628684"}
{"items": [{"location": "BLOCK-5-R-2-S-1", "sku": "SKU-706"}], "order_id": "24c71031-d202-4510-bb2f-6e6e2d122f1e", "status": "PROCESSING", "timestamp": "2020-10-01 08:58:45.632783"}
{"items": [{"location": "BLOCK-1-R-1-S-9", "sku": "SKU-768"}], "order_id": "140e55ed-3c12-432e-930a-aee91534d745", "status": "CREATED", "timestamp": "2020-10-01 08:59:45.608118"}
{"items": [{"location": "BLOCK-5-R-2-S-7", "sku": "SKU-689"}], "order_id": "c5fe295d-dfb5-4740-ad43-0a12da180e52", "status": "CREATED", "timestamp": "2020-10-01 08:59:45.608217"}
{"items": [{"location": "BLOCK-4-R-7-S-1", "sku": "SKU-939"}, {"location": "BLOCK-1-R-2-S-3", "sku": "SKU-29"}], "order_id": "2ed089dd-3eca-4c8e-9e10-1cec306e7f79", "status": "PROCESSING", "timestamp": "2020-10-01 08:59:45.611165"}
{"items": [{"location": "BLOCK-2-R-4-S-9", "sku": "SKU-251"}], "order_id": "550fc575-e9cc-457e-96c6-49171edf14a2", "status": "CREATED", "timestamp": "2020-10-01 08:59:45.619154"}
{"items": [{"location": "BLOCK-2-R-2-S-10", "sku": "SKU-723"}, {"location": "BLOCK-3-R-3-S-2", "sku": "SKU-405"}], "order_id": "e92c11f4-0d5d-4fa8-8ffb-49fd1b53a445", "status": "CREATED", "timestamp": "2020-10-01 08:59:45.621744"}
{"items": [{"location": "BLOCK-2-R-5-S-1", "sku": "SKU-750"}, {"location": "BLOCK-1-R-1-S-10", "sku": "SKU-746"}], "order_id": "9fe7ca1d-c2e0-4a7f-96fe-1630f35e4a02", "status": "CREATED", "timestamp": "2020-10-01 08:59:45.624634"}
{"items": [{"location": "BLOCK-4-R-2-S-2", "sku": "SKU-379"}, {"location": "BLOCK-1-R-2-S-3", "sku": "SKU-163"}, {"location": "BLOCK-2-R-2-S-8", "sku": "SKU-740"}], "order_id": "184ad72b-9a3e-4632-b122-b659a725c80e", "status": "CREATED", "timestamp": "2020-10-01 08:59:45.628230"}
{"items": [{"location": "BLOCK-2-R-1-S-8", "sku": "SKU-794"}, {"location": "BLOCK-1-R-5-S-3", "sku": "SKU-842"}, {"location": "BLOCK-4-R-3-S-6", "sku": "SKU-835"}], "order_id": "c66d2850-7579-4560-bc3f-892817866e86", "status": "CREATED", "timestamp": "2020-10-01 08:59:45.629232"}
{"items": [{"location": "BLOCK-2-R-6-S-6", "sku": "SKU-652"}, {"location": "BLOCK-4-R-2-S-3", "sku": "SKU-609"}, {"location": "BLOCK-3-R-2-S-1", "sku": "SKU-978"}], "order_id": "6dea9684-ddfd-485a-8d83-9e451be10f1b", "status": "PROCESSING", "timestamp": "2020-10-01 08:59:45.630130"}
{"items": [{"location": "BLOCK-3-R-7-S-4", "sku": "SKU-105"}, {"location": "BLOCK-4-R-6-S-5", "sku": "SKU-225"}, {"location": "BLOCK-2-R-6-S-4", "sku": "SKU-878"}], "order_id": "d9562138-f9ca-42dd-8ee8-bddfcd7dcd49", "status": "PROCESSING", "timestamp": "2020-10-01 09:00:45.614189"}
{"items": [{"location": "BLOCK-1-R-3-S-4", "sku": "SKU-548"}, {"location": "BLOCK-1-R-6-S-7", "sku": "SKU-649"}, {"location": "BLOCK-4-R-4-S-1", "sku": "SKU-356"}], "order_id": "014d7340-2c11-4265-a643-99e70833f5b7", "status": "PROCESSING", "timestamp": "2020-10-01 09:00:45.627580"}
{"items": [{"location": "BLOCK-3-R-3-S-8", "sku": "SKU-366"}], "order_id": "af5cafda-d7d5-4d87-8a2a-4e6b9bf9d25d", "status": "PROCESSING", "timestamp": "2020-10-01 09:00:45.631368"}
{"items": [{"location": "BLOCK-5-R-5-S-4", "sku": "SKU-536"}, {"location": "BLOCK-3-R-7-S-2", "sku": "SKU-374"}, {"location": "BLOCK-5-R-1-S-4", "sku": "SKU-363"}], "order_id": "4f0c1189-40f6-421c-bdcb-2e4d8e13afb9", "status": "CREATED", "timestamp": "2020-10-01 09:00:45.633426"}
{"items": [{"location": "BLOCK-1-R-5-S-8", "sku": "SKU-590"}, {"location": "BLOCK-5-R-5-S-5", "sku": "SKU-409"}], "order_id": "7681ea25-c1bf-4bf3-bfc5-2b9a373e8283", "status": "PROCESSING", "timestamp": "2020-10-01 09:01:45.608033"}
{"items": [{"location": "BLOCK-2-R-1-S-4", "sku": "SKU-340"}], "order_id": "146f7cb5-84d5-4834-b915-ffd1abc11a37", "status": "PROCESSING", "timestamp": "2020-10-01 09:01:45.614420"}
{"items": [{"location": "BLOCK-5-R-5-S-5", "sku": "SKU-560"}, {"location": "BLOCK-4-R-3-S-9", "sku": "SKU-270"}], "order_id": "c898a5dd-fe63-4636-9d53-a3bac8734f6f", "status": "CREATED", "timestamp": "2020-10-01 09:01:45.616376"}
{"items": [{"location": "BLOCK-2-R-3-S-5", "sku": "SKU-534"}, {"location": "BLOCK-1-R-3-S-9", "sku": "SKU-548"}], "order_id": "91694dc7-b9ae-46a5-8a45-2fef741abf8d", "status": "PROCESSING", "timestamp": "2020-10-01 09:01:45.630211"}
{"items": [{"location": "BLOCK-5-R-6-S-6", "sku": "SKU-737"}, {"location": "BLOCK-4-R-6-S-9", "sku": "SKU-881"}, {"location": "BLOCK-3-R-6-S-7", "sku": "SKU-525"}], "order_id": "f78c464e-7cac-47f5-85c6-49dbea8a9833", "status": "CREATED", "timestamp": "2020-10-01 09:01:45.630633"}
{"items": [{"location": "BLOCK-3-R-1-S-8", "sku": "SKU-877"}, {"location": "BLOCK-2-R-3-S-3", "sku": "SKU-293"}, {"location": "BLOCK-4-R-7-S-1", "sku": "SKU-397"}], "order_id": "a233f14e-fd8a-4d5c-8558-63ac11a2ab16", "status": "CREATED", "timestamp": "2020-10-01 09:02:45.608176"}
{"items": [{"location": "BLOCK-4-R-4-S-3", "sku": "SKU-854"}, {"location": "BLOCK-4-R-6-S-9", "sku": "SKU-898"}, {"location": "BLOCK-4-R-2-S-6", "sku": "SKU-381"}], "order_id": "56511f8f-22a6-4f23-8791-42324df3818d", "status": "CREATED", "timestamp": "2020-10-01 09:02:45.615012"}
{"items": [{"location": "BLOCK-3-R-1-S-7", "sku": "SKU-394"}, {"location": "BLOCK-5-R-6-S-4", "sku": "SKU-754"}, {"location": "BLOCK-1-R-6-S-2", "sku": "SKU-708"}], "order_id": "025db6a2-d1a0-4f3d-8d91-f3c00f8236c4", "status": "PROCESSING", "timestamp": "2020-10-01 09:02:45.617952"}
{"items": [{"location": "BLOCK-1-R-3-S-8", "sku": "SKU-649"}, {"location": "BLOCK-1-R-3-S-5", "sku": "SKU-355"}], "order_id": "ef0a6fcd-cd75-48a0-8eea-cfb83ee9dde1", "status": "PROCESSING", "timestamp": "2020-10-01 09:02:45.617998"}
{"items": [{"location": "BLOCK-1-R-7-S-4", "sku": "SKU-236"}, {"location": "BLOCK-4-R-2-S-5", "sku": "SKU-966"}, {"location": "BLOCK-3-R-3-S-6", "sku": "SKU-699"}], "order_id": "06ce3859-e727-4d0e-8dfc-412151e7f882", "status": "PROCESSING", "timestamp": "2020-10-01 09:02:45.619308"}
{"items": [{"location": "BLOCK-2-R-6-S-8", "sku": "SKU-171"}], "order_id": "43ec73b5-aa18-423a-bfd1-1f95b0865a31", "status": "PROCESSING", "timestamp": "2020-10-01 09:02:45.621122"}
{"items": [{"location": "BLOCK-3-R-5-S-5", "sku": "SKU-923"}, {"location": "BLOCK-2-R-3-S-10", "sku": "SKU-820"}], "order_id": "561b784c-6f18-4716-b6d5-59eb810cdfe8", "status": "PROCESSING", "timestamp": "2020-10-01 09:02:45.629629"}
{"items": [{"location": "BLOCK-4-R-6-S-2", "sku": "SKU-286"}, {"location": "BLOCK-1-R-4-S-8", "sku": "SKU-294"}, {"location": "BLOCK-2-R-3-S-7", "sku": "SKU-615"}], "order_id": "d8ec44e5-09e7-4ed8-b0e6-de108e1c11b2", "status": "CREATED", "timestamp": "2020-10-01 09:02:45.629961"}
{"items": [{"location": "BLOCK-5-R-3-S-8", "sku": "SKU-525"}, {"location": "BLOCK-3-R-6-S-5", "sku": "SKU-12"}], "order_id": "56b8fda3-6334-482d-9532-0954012f3241", "status": "PROCESSING", "timestamp": "2020-10-01 09:03:45.615631"}
{"items": [{"location": "BLOCK-3-R-5-S-4", "sku": "SKU-772"}, {"location": "BLOCK-4-R-7-S-6", "sku": "SKU-426"}], "order_id": "6387d61d-2fef-4f5b-b4cd-d5e2d21243ed", "status": "CREATED", "timestamp": "2020-10-01 09:03:45.617894"}
{"items": [{"location": "BLOCK-3-R-3-S-3", "sku": "SKU-923"}], "order_id": "7621bc11-54b5-4037-bcb1-e2df7a1be126", "status": "CREATED", "timestamp": "2020-10-01 09:03:45.632141"}
{"items": [{"location": "BLOCK-3-R-4-S-2", "sku": "SKU-805"}], "order_id": "4ac06fb9-89f4-4ae3-981e-8eb44bb50a99", "status": "PROCESSING", "timestamp": "2020-10-01 09:04:45.613128"}
{"items": [{"location": "BLOCK-5-R-3-S-1", "sku": "SKU-197"}], "order_id": "7980f2df-a4a9-4bd7-9aed-4060b45134e9", "status": "PROCESSING", "timestamp": "2020-10-01 09:04:45.613886"}
{"items": [{"location": "BLOCK-3-R-7-S-8", "sku": "SKU-86"}, {"location": "BLOCK-5-R-5-S-3", "sku": "SKU-145"}, {"location": "BLOCK-2-R-4-S-5", "sku": "SKU-383"}], "order_id": "d818b6b1-e4ff-4fd8-a06e-73258b16ada9", "status": "CREATED", "timestamp": "2020-10-01 09:04:45.617377"}
{"items": [{"location": "BLOCK-5-R-6-S-5", "sku": "SKU-949"}, {"location": "BLOCK-3-R-5-S-3", "sku": "SKU-652"}, {"location": "BLOCK-5-R-4-S-1", "sku": "SKU-485"}], "order_id": "26518aef-c0dc-4236-867a-7ae45b4f22e2", "status": "PROCESSING", "timestamp": "2020-10-01 09:04:45.619799"}
{"items": [{"location": "BLOCK-4-R-5-S-8", "sku": "SKU-817"}, {"location": "BLOCK-5-R-6-S-8", "sku": "SKU-686"}, {"location": "BLOCK-1-R-1-S-6", "sku": "SKU-997"}], "order_id": "80821bda-f94a-4fec-a017-7eed9ed27d0a", "status": "PROCESSING", "timestamp": "2020-10-01 09:04:45.627259"}
{"items": [{"location": "BLOCK-1-R-1-S-5", "sku": "SKU-495"}], "order_id": "89060a95-251d-4789-aad1-920b1d9e5230", "status": "PROCESSING", "timestamp": "2020-10-01 09:04:45.627649"}
