{"items": [{"location": "BLOCK-5-R-1-S-1", "sku": "SKU-67"}, {"location": "BLOCK-1-R-6-S-7", "sku": "SKU-291"}], "order_id": "8e28207a-f4f2-43ec-9584-f6cf35ab3781", "status": "CREATED", "timestamp": "2020-10-01 09:23:45.626167"}
{"items": [{"location": "BLOCK-2-R-5-S-3", "sku": "SKU-608"}], "order_id": "02ce5beb-ea47-4c74-b772-0a71a920e3b8", "status": "CREATED", "timestamp": "2020-10-01 09:23:45.631175"}
{"items": [{"location": "BLOCK-5-R-6-S-8", "sku": "SKU-998"}, {"location": "BLOCK-5-R-3-S-10", "sku": "SKU-587"}, {"location": "BLOCK-5-R-7-S-9", "sku": "SKU-946"}], "order_id": "4e565691-36c2-4ad3-bb4f-cc4cf71c69a3", "status": "PROCESSING", "timestamp": "2020-10-01 09:24:45.615221"}
{"items": [{"location": "BLOCK-4-R-5-S-2", "sku": "SKU-622"}, {"location": "BLOCK-1-R-2-S-9", "sku": "SKU-736"}], "order_id": "ef2aabf7-b171-480a-af6d-ceef58238f40", "status": "PROCESSING", "timestamp": "2020-10-01 09:24:45.616327"}
{"items": [{"location": "BLOCK-5-R-2-S-7", "sku": "SKU-297"}, {"location": "BLOCK-1-R-4-S-3", "sku": "SKU-284"}], "order_id": "9551df6d-44f6-456d-b518-1fb225eb3b6e", "status": "PROCESSING", "timestamp": "2020-10-01 09:24:45.617638"}
{"items": [{"location": "BLOCK-1-R-4-S-9", "sku": "SKU-66"}], "order_id": "567f8fd5-0168-4f4d-856c-c17c459db964", "status": "PROCESSING", "timestamp": "2020-10-01 09:24:45.624407"}
{"items": [{"location": "BLOCK-4-R-1-S-1", "sku": "SKU-154"}, {"location": "BLOCK-3-R-3-S-8", "sku": "SKU-480"}], "order_id": "2ce8c114-3cd8-456f-8ee1-1dc3afb31041", "status": "CREATED", "timestamp": "2020-10-01 09:24:45.631756"}
{"items": [{"location": "BLOCK-2-R-5-S-5", "sku": "SKU-725"}], "order_id": "0c98a637-05c2-43f6-8884-4020c6e2e52d", "status": "CREATED", "timestamp": "2020-10-01 09:24:45.633602"}
{"items": [{"location": "BLOCK-1-R-1-S-1", "sku": "SKU-193"}, {"location": "BLOCK-3-R-7-S-7", "sku": "SKU-235"}], "order_id": "0a95e529-283c-451c-a430-db06aabdb6f0", "status": "PROCESSING", "timestamp": "2020-10-01 09:25:45.613543"}
{"items": [{"location": "BLOCK-3-R-5-S-3", "sku": "SKU-220"}, {"location": "BLOCK-2-R-2-S-1", "sku": "SKU-276"}], "order_id": "8a3b6abb-a529-4018-8df9-b7ea1c388f4a", "status": "CREATED", "timestamp": "2020-10-01 09:25:45.622300"}
{"items": [{"location": "BLOCK-4-R-3-S-6", "sku": "SKU-27"}, {"location": "BLOCK-4-R-3-S-7", "sku": "SKU-31"}, {"location": "BLOCK-4-R-7-S-6", "sku": "SKU-131"}], "order_id": "a5403fe4-dda9-41d8-980e-4fed23aa8473", "status": "CREATED", "timestamp": "2020-10-01 09:25:45.630331"}
{"items": [{"location": "BLOCK-1-R-3-S-4", "sku": "SKU-416"}], "order_id": "837344c0-3929-43fd-8fd9-5aa076371543", "status": "CREATED", "timestamp": "2020-10-01 09:25:45.632045"}
{"items": [{"location": "BLOCK-1-R-2-S-2", "sku": "SKU-867"}, {"location": "BLOCK-5-R-5-S-10", "sku": "SKU-176"}], "order_id": "77caf424-5277-4e6d-a608-5c924ac5ce4a", "status": "PROCESSING", "timestamp": "2020-10-01 09:26:45.617240"}
{"items": [{"location": "BLOCK-4-R-6-S-3", "sku": "SKU-768"}, {"location": "BLOCK-5-R-6-S-7", "sku": "SKU-13"}, {"location": "BLOCK-2-R-6-S-10", "sku": "SKU-479"}], "order_id": "319efffa-ac77-46fc-bdea-3623c0808a55", "status": "PROCESSING", "timestamp": "2020-10-01 09:26:45.625222"}
{"items": [{"location": "BLOCK-2-R-2-S-5", "sku": "SKU-319"}], "order_id": "2afcd834-ef92-4b6a-84de-797b20431ff2", "status": "PROCESSING", "timestamp": "2020-10-01 09:27:45.608074"}
{"items": [{"location": "BLOCK-1-R-4-S-7", "sku": "SKU-939"}], "order_id": "2791dac4-cf10-4dca-80b7-83392e4f61c0", "status": "PROCESSING", "timestamp": "2020-10-01 09:27:45.613585"}
{"items": [{"location": "BLOCK-4-R-5-S-5", "sku": "SKU-707"}], "order_id": "cf53df67-08ad-4707-a139-4dca0aabf3bf", "status": "PROCESSING", "timestamp": "2020-10-01 09:27:45.614007"}
{"items": [{"location": "BLOCK-2-R-2-S-4", "sku": "SKU-845"}], "order_id": "3586fcd8-172d-4572-b46e-9f4d441f4758", "status": "PROCESSING", "timestamp": "2020-10-01 09:27:45.615162"}
{"items": [{"location": "BLOCK-1-R-5-S-8", "sku": "SKU-66"}, {"location": "BLOCK-4-R-6-S-9", "sku": "SKU-524"}], "order_id": "d4aa62dd-bd84-4a2f-a1f9-16314428982e", "status": "PROCESSING", "timestamp": "2020-10-01 09:27:45.629365"}
{"items": [{"location": "BLOCK-3-R-4-S-4", "sku": "SKU-104"}, {"location": "BLOCK-4-R-7-S-7", "sku": "SKU-852"}, {"location": "BLOCK-1-R-3-S-2", "sku": "SKU-96"}], "order_id": "b22f6f87-0ab7-403b-a1c8-21952534f695", "status": "CREATED", "timestamp": "2020-10-01 09:28:45.608680"}
{"items": [{"location": "BLOCK-4-R-3-S-8", "sku": "SKU-923"}], "order_id": "1bfdeac5-a627-4101-9007-2091de17158d", "status": "CREATED", "timestamp": "2020-10-01 09:28:45.609752"}
{"items": [{"location": "BLOCK-2-R-6-S-9", "sku": "SKU-973"}], "order_id": "9a8c6211-1e84-4b5a-886e-4155e9777b10", "status": "PROCESSING", "timestamp": "2020-10-01 09:28:45.614454"}
{"items": [{"location": "BLOCK-4-R-7-S-2", "sku": "SKU-866"}], "order_id": "66c273c1-434e-4ed4-9f27-05b49a86b1c6", "status": "PROCESSING", "timestamp": "2020-10-01 09:28:45.621645"}
{"items": [{"location": "BLOCK-4-R-5-S-4", "sku": "SKU-474"}, {"location": "BLOCK-3-R-4-S-4", "sku": "SKU-57"}, {"location": "BLOCK-2-R-6-S-9", "sku": "SKU-446"}], "order_id": "a5649a6f-393e-4203-b73c-9a890a110a35", "status": "CREATED", "timestamp": "2020-10-01 09:29:45.609646"}
{"items": [{"location": "BLOCK-4-R-7-S-1", "sku": "SKU-940"}], "order_id": "a312561c-c41b-461b-81e5-b8e3c5b23261", "status": "CREATED", "timestamp": "2020-10-01 09:29:45.618301"}
{"items": [{"location": "BLOCK-5-R-4-S-2", "sku": "SKU-903"}, {"location": "BLOCK-5-R-5-S-5", "sku": "SKU-190"}, {"location": "BLOCK-1-R-6-S-3", "sku": "SKU-739"}], "order_id": "5740212e-ddd8-4af5-8c8d-a1a3ae57b5bd", "status": "CREATED", "timestamp": "2020-10-01 09:29:45.625530"}
{"items": [{"location": "BLOCK-3-R-1-S-1", "sku": "SKU-422"}, {"location": "BLOCK-4-R-2-S-4", "sku": "SKU-888"}, {"location": "BLOCK-3-R-4-S-6", "sku": "SKU-807"}], "order_id": "8ccfad54-7b3d-475c-ac87-2d9bc90a556d", "status": "PROCESSING", "timestamp": "2020-10-01 09:29:45.632938"}
{"items": [{"location": "BLOCK-3-R-3-S-2", "sku": "SKU-461"}, {"location": "BLOCK-2-R-7-S-9", "sku": "SKU-250"}, {"location": "BLOCK-5-R-7-S-1", "sku": "SKU-298"}], "order_id": "1ac5d344-9866-46c3-bab5-7c77dd8c4476", "status": "CREATED", "timestamp": "2020-10-01 09:30:45.614557"}
{"items": [{"location": "BLOCK-4-R-1-S-2", "sku": "SKU-556"}, {"location": "BLOCK-5-R-4-S-1", "sku": "SKU-907"}], "order_id": "da376bc3-c5af-421a-9102-d1c169658e9a", "status": "PROCESSING", "timestamp": "2020-10-01 09:30:45.622774"}
{"items": [{"location": "BLOCK-3-R-2-S-5", "sku": "SKU-787"}, {"location": "BLOCK-4-R-2-S-6", "sku": "SKU-684"}, {"location": "BLOCK-5-R-1-S-3", "sku": "SKU-897"}], "order_id": "28a1a2c2-c4cf-4260-91b9-85ddd6464dde", "status": "PROCESSING", "timestamp": "2020-10-01 09:30:45.628141"}
{"items": [{"location": "BLOCK-4-R-1-S-9", "sku": "SKU-813"}, {"location": "BLOCK-2-R-2-S-4", "sku": "SKU-106"}], "order_id": "aa850ac7-c897-4f33-a61a-1acc0f153aa7", "status": "CREATED", "timestamp": "2020-10-01 09:30:45.632620"}
{"items": [{"location": "BLOCK-2-R-2-S-2", "sku": "SKU-515"}, {"location": "BLOCK-2-R-7-S-3", "sku": "SKU-743"}], "order_id": "4982e59e-c0eb-40b4-a54a-a3add224004f", "status": "CREATED", "timestamp": "2020-10-01 09:31:45.608413"}
{"items": [{"location": "BLOCK-5-R-4-S-8", "sku": "SKU-224"}], "order_id": "3eb340a2-e403-4b94-8f23-e52095d90be2", "status": "PROCESSING", "timestamp": "2020-10-01 09:31:45.620169"}
{"items": [{"location": "BLOCK-1-R-2-S-3", "sku": "SKU-786"}, {"location": "BLOCK-3-R-1-S-9", "sku": "SKU-898"}, {"location": "BLOCK-4-R-1-S-10", "sku": "SKU-588"}], "order_id": "ec57921a-170e-42b7-b120-6dca46f6b08f", "status": "CREATED", "timestamp": "2020-10-01 09:31:45.620685"}
{"items": [{"location": "BLOCK-5-R-6-S-9", "sku": "SKU-307"}, {"location": "BLOCK-4-R-5-S-9", "sku": "SKU-855"}], "order_id": "87157687-1121-4c97-8a6f-7c242fee903b", "status": "CREATED", "timestamp": "2020-10-01 09:31:45.629594"}
{"items": [{"location": "BLOCK-1-R-1-S-7", "sku": "SKU-780"}], "order_id": "69418aa8-566b-41a5-b1f9-c2751325fcaa", "status": "CREATED", "timestamp": "2020-10-01 09:31:45.633490"}
{"items": [{"location": "BLOCK-4-R-5-S-5", "sku": "SKU-617"}], "order_id": "551e11df-b883-471f-b849-b109f98b1f9f", "status": "CREATED", "timestamp": "2020-10-01 09:32:45.619074"}
{"items": [{"location": "BLOCK-5-R-2-S-4", "sku": "SKU-754"}, {"location": "BLOCK-2-R-2-S-7", "sku": "SKU-833"}, {"location": "BLOCK-1-R-6-S-6", "sku": "SKU-667"}], "order_id": "52d3587b-96f2-4e17-a41b-230cee23e97c", "status": "PROCESSING", "timestamp": "2020-10-01 09:32:45.627866"}
{"items": [{"location": "BLOCK-3-R-7-S-7", "sku": "SKU-30"}, {"location": "BLOCK-3-R-5-S-1", "sku": "SKU-311"}, {"location": "BLOCK-4-R-2-S-10", "sku": "SKU-980"}], "order_id": "9f1b246c-a1f9-4355-b5bc-8a5bf0b42b76", "status": "CREATED", "timestamp": "2020-10-01 09:32:45.630561"}
{"items": [{"location": "BLOCK-2-R-6-S-3", "sku": "SKU-859"}, {"location": "BLOCK-2-R-7-S-10", "sku": "SKU-131"}], "order_id": "aaa3e9bb-b427-4857-b140-d021bd5e2bfc", "status": "PROCESSING", "timestamp": "2020-10-01 09:32:45.630744"}
