{"items": [{"location": "BLOCK-5-R-5-S-3", "sku": "SKU-559"}, {"location": "BLOCK-3-R-4-S-3", "sku": "SKU-342"}], "order_id": "0a1594d7-cd7b-4153-a541-c5a8dc994fc5", "status": "PROCESSING", "timestamp": "2020-10-01 10:09:45.625295"}
{"items": [{"location": "BLOCK-2-R-6-S-1", "sku": "SKU-241"}, {"location": "BLOCK-4-R-6-S-3", "sku": "SKU-282"}, {"location": "BLOCK-2-R-6-S-4", "sku": "SKU-411"}], "order_id": "a73464bc-bce4-4988-bb85-310d303510af", "status": "PROCESSING", "timestamp": "2020-10-01 10:09:45.627503"}
{"items": [{"location": "BLOCK-4-R-1-S-4", "sku": "SKU-77"}, {"location": "BLOCK-5-R-7-S-6", "sku": "SKU-76"}, {"location": "BLOCK-1-R-6-S-2", "sku": "SKU-168"}], "order_id": "be7913ed-9f61-411e-913a-e0ef079c7dbc", "status": "PROCESSING", "timestamp": "2020-10-01 10:09:45.628386"}
{"items": [{"location": "BLOCK-2-R-5-S-8", "sku": "SKU-633"}, {"location": "BLOCK-2-R-3-S-9", "sku": "SKU-486"}], "order_id": "9615622a-5cb0-4da7-a965-25739119d6eb", "status": "CREATED", "timestamp": "2020-10-01 10:09:45.628842"}
{"items": [{"location": "BLOCK-1-R-6-S-1", "sku": "SKU-73"}, {"location": "BLOCK-2-R-6-S-5", "sku": "SKU-919"}, {"location": "BLOCK-2-R-3-S-3", "sku": "SKU-694"}], "order_id": "5cdef267-f1c0-4083-8f2d-233bd46293b7", "status": "CREATED", "timestamp": "2020-10-01 10:09:45.631114"}
{"items": [{"location": "BLOCK-5-R-5-S-4", "sku": "SKU-536"}, {"location": "BLOCK-3-R-7-S-2", "sku": "SKU-374"}, {"location": "BLOCK-5-R-1-S-4", "sku": "SKU-363"}], "order_id": "4f0c1189-40f6-421c-bdcb-2e4d8e13afb9", "status": "PROCESSING", "timestamp": "2020-10-01 10:09:45.633426"}
{"items": [{"location": "BLOCK-1-R-7-S-3", "sku": "SKU-401"}], "order_id": "d8f9eedb-3d69-4720-8cda-fbb701d7538f", "status": "SHIPPED", "timestamp": "2020-10-01 10:10:45.610275"}
{"items": [{"location": "BLOCK-5-R-3-S-1", "sku": "SKU-197"}], "order_id": "7980f2df-a4a9-4bd7-9aed-4060b45134e9", "status": "SHIPPED", "timestamp": "2020-10-01 10:10:45.613886"}
{"items": [{"location": "BLOCK-2-R-1-S-4", "sku": "SKU-340"}], "order_id": "146f7cb5-84d5-4834-b915-ffd1abc11a37", "status": "SHIPPED", "timestamp": "2020-10-01 10:10:45.614420"}
{"items": [{"location": "BLOCK-2-R-7-S-8", "sku": "SKU-215"}, {"location": "BLOCK-1-R-1-S-3", "sku": "SKU-831"}], "order_id": "46c0b72c-0be7-4e1f-8c26-3e59dee79d43", "status": "PROCESSING", "timestamp": "2020-10-01 10:10:45.616051"}
{"items": [{"location": "BLOCK-5-R-4-S-1", "sku": "SKU-545"}, {"location": "BLOCK-5-R-3-S-1", "sku": "SKU-208"}, {"location": "BLOCK-1-R-3-S-4", "sku": "SKU-869"}], "order_id": "c843ca16-4c5f-4fdc-a660-46785b126a2d", "status": "PROCESSING", "timestamp": "2020-10-01 10:10:45.619119"}
{"items": [{"location": "BLOCK-3-R-5-S-10", "sku": "SKU-705"}], "order_id": "a49c4c8c-645f-4f93-a61c-4fadb95114d8", "status": "PROCESSING", "timestamp": "2020-10-01 10:10:45.619467"}
{"items": [{"location": "BLOCK-3-R-6-S-6", "sku": "SKU-620"}, {"location": "BLOCK-5-R-5-S-3", "sku": "SKU-318"}], "order_id": "a6f326ad-e8d9-4c17-a328-8756b83890e2", "status": "CREATED", "timestamp": "2020-10-01 10:10:45.619891"}
{"items": [{"location": "BLOCK-1-R-7-S-2", "sku": "SKU-610"}, {"location": "BLOCK-2-R-3-S-2", "sku": "SKU-144"}, {"location": "BLOCK-2-R-2-S-9", "sku": "SKU-984"}], "order_id": "3cf028c7-0fdb-40d3-ae2e-748e117f28e5", "status": "SHIPPED", "timestamp": "2020-10-01 10:10:45.627210"}
{"items": [{"location": "BLOCK-3-R-4-S-8", "sku": "SKU-553"}, {"location": "BLOCK-1-R-6-S-7", "sku": "SKU-459"}, {"location": "BLOCK-1-R-5-S-6", "sku": "SKU-984"}], "order_id": "5571b7d2-0a02-45eb-a0ab-5177b35244cb", "status": "CREATED", "timestamp": "2020-10-01 10:10:45.632329"}
{"items": [{"location": "BLOCK-2-R-3-S-1", "sku": "SKU-555"}], "order_id": "efd7af10-5210-48a8-bf88-80d86984c367", "status": "CREATED", "timestamp": "2020-10-01 10:11:45.613335"}
{"items": [{"location": "BLOCK-3-R-5-S-10", "sku": "SKU-723"}, {"location": "BLOCK-1-R-5-S-6", "sku": "SKU-893"}], "order_id": "cbb40307-f9d1-46be-b01f-d69bf2f9f0e7", "status": "PROCESSING", "timestamp": "2020-10-01 10:11:45.613749"}
{"items": [{"location": "BLOCK-5-R-2-S-2", "sku": "SKU-488"}, {"location": "BLOCK-4-R-1-S-2", "sku": "SKU-822"}], "order_id": "a8466007-4357-4f9a-a112-055787d14c98", "status": "PROCESSING", "timestamp": "2020-10-01 10:11:45.618045"}
{"items": [{"location": "BLOCK-1-R-7-S-4", "sku": "SKU-236"}, {"location": "BLOCK-4-R-2-S-5", "sku": "SKU-966"}, {"location": "BLOCK-3-R-3-S-6", "sku": "SKU-699"}], "order_id": "06ce3859-e727-4d0e-8dfc-412151e7f882", "status": "SHIPPED", "timestamp": "2020-10-01 10:11:45.619308"}
{"items": [{"location": "BLOCK-5-R-4-S-3", "sku": "SKU-75"}], "order_id": "ba4c7f0d-d8d5-4d9e-bb1e-26a660ee371c", "status": "CREATED", "timestamp": "2020-10-01 10:11:45.622584"}
{"items": [{"location": "BLOCK-3-R-2-S-6", "sku": "SKU-489"}, {"location": "BLOCK-4-R-3-S-1", "sku": "SKU-923"}], "order_id": "3d40a42d-b7fc-4b40-98e0-2c2ebdf63e2c", "status": "PROCESSING", "timestamp": "2020-10-01 10:11:45.623092"}
{"items": [{"location": "BLOCK-3-R-3-S-7", "sku": "SKU-471"}, {"location": "BLOCK-3-R-1-S-3", "sku": "SKU-355"}], "order_id": "41821987-d010-4f14-9786-c7202aad639e", "status": "CREATED", "timestamp": "2020-10-01 10:11:45.624860"}
{"items": [{"location": "BLOCK-3-R-3-S-8", "sku": "SKU-366"}], "order_id": "af5cafda-d7d5-4d87-8a2a-4e6b9bf9d25d", "status": "SHIPPED", "timestamp": "2020-10-01 10:11:45.631368"}
{"items": [{"location": "BLOCK-4-R-7-S-7", "sku": "SKU-432"}, {"location": "BLOCK-5-R-5-S-10", "sku": "SKU-193"}, {"location": "BLOCK-1-R-1-S-2", "sku": "SKU-512"}], "order_id": "8151c014-e24b-498b-9653-8c18907d275f", "status": "CREATED", "timestamp": "2020-10-01 10:12:45.608744"}
{"items": [{"location": "BLOCK-3-R-1-S-6", "sku": "SKU-357"}, {"location": "BLOCK-5-R-7-S-4", "sku": "SKU-825"}], "order_id": "e5079086-5613-4204-9811-289aaa6f4cb5", "status": "SHIPPED", "timestamp": "2020-10-01 10:12:45.609473"}
{"items": [{"location": "BLOCK-5-R-7-S-1", "sku": "SKU-437"}], "order_id": "2235eb98-728a-4a3d-9b49-cff327c3d264", "status": "CREATED", "timestamp": "2020-10-01 10:12:45.610711"}
{"items": [{"location": "BLOCK-4-R-5-S-1", "sku": "SKU-317"}, {"location": "BLOCK-1-R-1-S-4", "sku": "SKU-165"}], "order_id": "cb0fc221-dc49-4f9b-9f1b-d3e78b6dbe8a", "status": "CREATED", "timestamp": "2020-10-01 10:12:45.612074"}
{"items": [{"location": "BLOCK-4-R-5-S-3", "sku": "SKU-746"}, {"location": "BLOCK-1-R-6-S-4", "sku": "SKU-144"}, {"location": "BLOCK-5-R-3-S-4", "sku": "SKU-253"}], "order_id": "6f11121b-a7a7-472a-90d9-e62c3cdef91b", "status": "CREATED", "timestamp": "2020-10-01 10:12:45.613702"}
{"items": [{"location": "BLOCK-3-R-7-S-6", "sku": "SKU-468"}, {"location": "BLOCK-3-R-6-S-1", "sku": "SKU-645"}, {"location": "BLOCK-5-R-6-S-3", "sku": "SKU-334"}], "order_id": "9ed7cd6e-549f-480a-8a24-aef743da5585", "status": "CREATED", "timestamp": "2020-10-01 10:12:45.614243"}
{"items": [{"location": "BLOCK-2-R-3-S-8", "sku": "SKU-624"}, {"location": "BLOCK-2-R-1-S-2", "sku": "SKU-455"}, {"location": "BLOCK-2-R-3-S-4", "sku": "SKU-672"}], "order_id": "733200ba-01dc-47f5-9823-1a63620167ba", "status": "CREATED", "timestamp": "2020-10-01 10:12:45.614751"}
{"items": [{"location": "BLOCK-5-R-4-S-3", "sku": "SKU-594"}, {"location": "BLOCK-3-R-1-S-9", "sku": "SKU-984"}, {"location": "BLOCK-5-R-6-S-1", "sku": "SKU-727"}], "order_id": "facf6e56-8de8-4053-bc8c-f2b63b98815a", "status": "PROCESSING", "timestamp": "2020-10-01 10:12:45.615283"}
{"items": [{"location": "BLOCK-3-R-5-S-1", "sku": "SKU-350"}], "order_id": "8bf807f5-179e-4069-a036-01aafae3e811", "status": "CREATED", "timestamp": "2020-10-01 10:12:45.621579"}
{"items": [{"location": "BLOCK-4-R-5-S-6", "sku": "SKU-93"}, {"location": "BLOCK-2-R-7-S-10", "sku": "SKU-50"}], "order_id": "7ad99ef2-e414-4cde-9c59-f3d7c1d8c3e1", "status": "CREATED", "timestamp": "2020-10-01 10:12:45.624486"}
{"items": [{"location": "BLOCK-3-R-4-S-2", "sku": "SKU-805"}], "order_id": "4ac06fb9-89f4-4ae3-981e-8eb44bb50a99", "status": "SHIPPED", "timestamp": "2020-10-01 10:13:45.613128"}
{"items": [{"location": "BLOCK-1-R-4-S-8", "sku": "SKU-916"}], "order_id": "d8d8f3e5-8f1c-445c-b1fc-d76351b3714c", "status": "PROCESSING", "timestamp": "2020-10-01 10:13:45.613625"}
{"items": [{"location": "BLOCK-3-R-7-S-8", "sku": "SKU-86"}, {"location": "BLOCK-5-R-5-S-3", "sku": "SKU-145"}, {"location": "BLOCK-2-R-4-S-5", "sku": "SKU-383"}], "order_id": "d818b6b1-e4ff-4fd8-a06e-73258b16ada9", "status": "PROCESSING", "timestamp": "2020-10-01 10:13:45.617377"}
{"items": [{"location": "BLOCK-3-R-3-S-9", "sku": "SKU-244"}, {"location": "BLOCK-2-R-7-S-8", "sku": "SKU-295"}], "order_id": "77f67a6e-7160-4ffa-80e4-2521d3b8458a", "status": "SHIPPED", "timestamp": "2020-10-01 10:13:45.622947"}
{"items": [{"location": "BLOCK-2-R-1-S-9", "sku": "SKU-560"}, {"location": "BLOCK-3-R-7-S-10", "sku": "SKU-183"}], "order_id": "e326fbc0-d5f0-4108-aafd-18ff1b9c81d2", "status": "CREATED", "timestamp": "2020-10-01 10:13:45.626697"}
{"items": [{"location": "BLOCK-1-R-1-S-9", "sku": "SKU-665"}, {"location": "BLOCK-1-R-4-S-2", "sku": "SKU-718"}, {"location": "BLOCK-5-R-1-S-7", "sku": "SKU-117"}], "order_id": "f8f24f95-467c-4981-98f3-204508562784", "status": "PROCESSING", "timestamp": "2020-10-01 10:13:45.627387"}
{"items": [{"location": "BLOCK-1-R-6-S-10", "sku": "SKU-62"}], "order_id": "14818b90-a8aa-47a1-ade7-3037461c4e02", "status": "PROCESSING", "timestamp": "2020-10-01 10:14:45.608459"}
