{"items": [{"location": "BLOCK-1-R-5-S-4", "sku": "SKU-601"}, {"location": "BLOCK-5-R-5-S-3", "sku": "SKU-294"}], "order_id": "29939b20-4450-46ad-941a-a22a58edf017", "status": "SHIPPED", "timestamp": "2020-10-01 09:44:45.607778"}
{"items": [{"location": "BLOCK-4-R-4-S-6", "sku": "SKU-882"}], "order_id": "243e0a82-bb54-4aa0-987d-afdbb03b8954", "status": "CREATED", "timestamp": "2020-10-01 09:44:45.613844"}
{"items": [{"location": "BLOCK-3-R-5-S-9", "sku": "SKU-318"}, {"location": "BLOCK-5-R-4-S-8", "sku": "SKU-36"}, {"location": "BLOCK-4-R-2-S-9", "sku": "SKU-271"}], "order_id": "d8051b2e-009f-4fd0-a3ab-45cb81f3dd59", "status": "CREATED", "timestamp": "2020-10-01 09:44:45.618264"}
{"items": [{"location": "BLOCK-1-R-2-S-5", "sku": "SKU-349"}, {"location": "BLOCK-2-R-7-S-1", "sku": "SKU-523"}], "order_id": "c30ac740-cc7f-482f-a969-a11d1d00e09a", "status": "PROCESSING", "timestamp": "2020-10-01 09:44:45.623167"}
{"items": [{"location": "BLOCK-4-R-3-S-8", "sku": "SKU-667"}, {"location": "BLOCK-5-R-1-S-10", "sku": "SKU-878"}], "order_id": "6791e761-de14-4270-a95f-b73fa17ba4b3", "status": "CREATED", "timestamp": "2020-10-01 09:44:45.628620"}
{"items": [{"location": "BLOCK-2-R-5-S-1", "sku": "SKU-658"}, {"location": "BLOCK-3-R-7-S-1", "sku": "SKU-480"}], "order_id": "15a1b2ae-af80-46f6-9833-e60c6a0776c9", "status": "PROCESSING", "timestamp": "2020-10-01 09:44:45.633151"}
{"items": [{"location": "BLOCK-2-R-3-S-8", "sku": "SKU-53"}], "order_id": "1c22bdd0-3bcc-4602-9f78-79c041139e75", "status": "CREATED", "timestamp": "2020-10-01 09:44:45.633214"}
{"items": [{"location": "BLOCK-1-R-5-S-4", "sku": "SKU-980"}, {"location": "BLOCK-1-R-6-S-2", "sku": "SKU-210"}], "order_id": "5c9c6194-297a-49ff-b704-e7360fc77a39", "status": "SHIPPED", "timestamp": "2020-10-01 09:45:45.618171"}
{"items": [{"location": "BLOCK-4-R-2-S-8", "sku": "SKU-676"}, {"location": "BLOCK-3-R-2-S-7", "sku": "SKU-32"}], "order_id": "54b36544-e817-4c02-946a-a8bff68098c4", "status": "PROCESSING", "timestamp": "2020-10-01 09:45:45.618432"}
{"items": [{"location": "BLOCK-5-R-2-S-4", "sku": "SKU-895"}, {"location": "BLOCK-1-R-3-S-5", "sku": "SKU-51"}, {"location": "BLOCK-5-R-3-S-8", "sku": "SKU-223"}], "order_id": "789e1360-715a-45dc-ac84-ab8fb15397f2", "status": "PROCESSING", "timestamp": "2020-10-01 09:45:45.620228"}
{"items": [{"location": "BLOCK-3-R-5-S-9", "sku": "SKU-277"}], "order_id": "83aa68be-b8dd-4a19-b8fe-9e8b773ccbe4", "status": "CREATED", "timestamp": "2020-10-01 09:45:45.629456"}
{"items": [{"location": "BLOCK-5-R-5-S-4", "sku": "SKU-92"}], "order_id": "f5e16922-3410-4a19-afb2-6f284f8a614a", "status": "CREATED", "timestamp": "2020-10-01 09:45:45.632074"}
{"items": [{"location": "BLOCK-1-R-6-S-9", "sku": "SKU-261"}, {"location": "BLOCK-3-R-6-S-3", "sku": "SKU-312"}], "order_id": "8d7154bd-b18b-4786-aed1-cda78488de95", "status": "PROCESSING", "timestamp": "2020-10-01 09:46:45.613066"}
{"items": [{"location": "BLOCK-4-R-5-S-1", "sku": "SKU-318"}], "order_id": "cbcc636f-ba33-4a6c-bb0c-7d0c3bceb3de", "status": "PROCESSING", "timestamp": "2020-10-01 09:46:45.622857"}
{"items": [{"location": "BLOCK-5-R-3-S-3", "sku": "SKU-917"}, {"location": "BLOCK-4-R-2-S-6", "sku": "SKU-781"}, {"location": "BLOCK-1-R-5-S-1", "sku": "SKU-19"}], "order_id": "3c5dbf65-39a3-491f-bf2b-1a53b00a76be", "status": "PROCESSING", "timestamp": "2020-10-01 09:46:45.632704"}
{"items": [{"location": "BLOCK-4-R-3-S-4", "sku": "SKU-263"}, {"location": "BLOCK-5-R-7-S-5", "sku": "SKU-850"}], "order_id": "d1d703f4-c44f-4853-a5c9-7d7899d7f686", "status": "PROCESSING", "timestamp": "2020-10-01 09:46:45.633056"}
{"items": [{"location": "BLOCK-5-R-3-S-6", "sku": "SKU-324"}], "order_id": "8a3e31dc-c46e-4c3f-994f-3210c4f012c4", "status": "CREATED", "timestamp": "2020-10-01 09:47:45.614846"}
{"items": [{"location": "BLOCK-3-R-3-S-8", "sku": "SKU-491"}, {"location": "BLOCK-5-R-5-S-6", "sku": "SKU-458"}, {"location": "BLOCK-5-R-1-S-10", "sku": "SKU-224"}], "order_id": "0ffa9945-1758-406e-9a6a-0c88b8379d5a", "status": "SHIPPED", "timestamp": "2020-10-01 09:47:45.614901"}
{"items": [{"location": "BLOCK-1-R-6-S-5", "sku": "SKU-936"}, {"location": "BLOCK-4-R-7-S-4", "sku": "SKU-746"}], "order_id": "e3d36318-e0b6-49de-8bc6-e7f9b059c647", "status": "SHIPPED", "timestamp": "2020-10-01 09:47:45.617152"}
{"items": [{"location": "BLOCK-3-R-1-S-7", "sku": "SKU-768"}, {"location": "BLOCK-2-R-6-S-7", "sku": "SKU-284"}], "order_id": "648bcf00-1a94-4e66-8326-862c5f26f1f7", "status": "CREATED", "timestamp": "2020-10-01 09:47:45.618479"}
{"items": [{"location": "BLOCK-2-R-5-S-8", "sku": "SKU-785"}], "order_id": "eda3469d-e2b1-469e-afd9-0f74dcba0ecd", "status": "PROCESSING", "timestamp": "2020-10-01 09:47:45.622452"}
{"items": [{"location": "BLOCK-3-R-2-S-8", "sku": "SKU-788"}, {"location": "BLOCK-2-R-5-S-9", "sku": "SKU-501"}, {"location": "BLOCK-1-R-5-S-3", "sku": "SKU-836"}], "order_id": "df5dee69-237c-42fa-9221-b12ce3cc13bd", "status": "PROCESSING", "timestamp": "2020-10-01 09:47:45.626823"}
{"items": [{"location": "BLOCK-1-R-1-S-5", "sku": "SKU-570"}, {"location": "BLOCK-3-R-4-S-3", "sku": "SKU-708"}, {"location": "BLOCK-4-R-6-S-5", "sku": "SKU-205"}], "order_id": "b684e959-ef4a-4ce2-a006-5c11961b4f36", "status": "CREATED", "timestamp": "2020-10-01 09:47:45.630082"}
{"items": [{"location": "BLOCK-1-R-7-S-9", "sku": "SKU-77"}, {"location": "BLOCK-5-R-1-S-8", "sku": "SKU-18"}, {"location": "BLOCK-2-R-1-S-6", "sku": "SKU-850"}], "order_id": "ecf2b10a-2008-4526-8745-529273c69642", "status": "PROCESSING", "timestamp": "2020-10-01 09:48:45.611625"}
{"items": [{"location": "BLOCK-2-R-2-S-8", "sku": "SKU-110"}, {"location": "BLOCK-1-R-4-S-6", "sku": "SKU-654"}, {"location": "BLOCK-4-R-4-S-8", "sku": "SKU-348"}], "order_id": "2ae75ce2-c009-4053-9e55-7a605ae4d342", "status": "SHIPPED", "timestamp": "2020-10-01 09:48:45.616188"}
{"items": [{"location": "BLOCK-3-R-5-S-6", "sku": "SKU-881"}, {"location": "BLOCK-4-R-5-S-7", "sku": "SKU-776"}, {"location": "BLOCK-3-R-2-S-5", "sku": "SKU-108"}], "order_id": "ffbb6756-990f-4ae5-a8e3-aec5cb87aa2a", "status": "SHIPPED", "timestamp": "2020-10-01 09:48:45.629712"}
{"items": [{"location": "BLOCK-5-R-5-S-7", "sku": "SKU-640"}, {"location": "BLOCK-5-R-2-S-5", "sku": "SKU-124"}, {"location": "BLOCK-2-R-2-S-3", "sku": "SKU-753"}], "order_id": "44a3c15e-8641-4334-be25-07d0aa66acb8", "status": "SHIPPED", "timestamp": "2020-10-01 09:49:45.619434"}
{"items": [{"location": "BLOCK-5-R-1-S-1", "sku": "SKU-652"}, {"location": "BLOCK-1-R-7-S-9", "sku": "SKU-235"}], "order_id": "44739429-e74c-4894-8fbe-2156561a7217", "status": "PROCESSING", "timestamp": "2020-10-01 09:49:45.626912"}
{"items": [{"location": "BLOCK-3-R-2-S-4", "sku": "SKU-688"}, {"location": "BLOCK-2-R-5-S-6", "sku": "SKU-929"}], "order_id": "2b646671-eb58-4877-bbb1-3c76538641e6", "status": "PROCESSING", "timestamp": "2020-10-01 09:49:45.628933"}
{"items": [{"location": "BLOCK-2-R-1-S-8", "sku": "SKU-220"}, {"location": "BLOCK-4-R-2-S-1", "sku": "SKU-48"}], "order_id": "bd24ab42-aa78-467f-b9c1-b3983f34a086", "status": "PROCESSING", "timestamp": "2020-10-01 09:49:45.629404"}
{"items": [{"location": "BLOCK-2-R-6-S-5", "sku": "SKU-553"}, {"location": "BLOCK-2-R-1-S-6", "sku": "SKU-87"}, {"location": "BLOCK-3-R-3-S-2", "sku": "SKU-415"}], "order_id": "38f992fa-8fb9-4be7-8da0-d8a45a18fd22", "status": "SHIPPED", "timestamp": "2020-10-01 09:49:45.633750"}
{"items": [{"location": "BLOCK-2-R-5-S-1", "sku": "SKU-750"}, {"location": "BLOCK-1-R-1-S-10", "sku": "SKU-746"}], "order_id": "9fe7ca1d-c2e0-4a7f-96fe-1630f35e4a02", "status": "PROCESSING", "timestamp": "2020-10-01 09:50:45.624634"}
{"items": [{"location": "BLOCK-5-R-6-S-9", "sku": "SKU-198"}, {"location": "BLOCK-2-R-3-S-4", "sku": "SKU-584"}, {"location": "BLOCK-3-R-3-S-5", "sku": "SKU-25"}], "order_id": "9c8d327c-f59f-444a-b1f4-82637854808d", "status": "CREATED", "timestamp": "2020-10-01 09:50:45.631251"}
{"items": [{"location": "BLOCK-1-R-6-S-5", "sku": "SKU-797"}, {"location": "BLOCK-3-R-4-S-1", "sku": "SKU-961"}], "order_id": "e20182fa-eb96-4b61-8a9c-68e137490d95", "status": "PROCESSING", "timestamp": "2020-10-01 09:50:45.632541"}
{"items": [{"location": "BLOCK-1-R-4-S-4", "sku": "SKU-630"}, {"location": "BLOCK-3-R-5-S-7", "sku": "SKU-691"}], "order_id": "fea284d6-bb2c-4153-b630-8641d2e8e934", "status": "PROCESSING", "timestamp": "2020-10-01 09:51:45.612755"}
{"items": [{"location": "BLOCK-2-R-4-S-9", "sku": "SKU-906"}, {"location": "BLOCK-5-R-2-S-6", "sku": "SKU-248"}, {"location": "BLOCK-1-R-6-S-3", "sku": "SKU-800"}], "order_id": "f1110ed6-ab4f-4c35-ace2-cadfcd6b3d60", "status": "CREATED", "timestamp": "2020-10-01 09:51:45.613285"}
{"items": [{"location": "BLOCK-4-R-1-S-8", "sku": "SKU-710"}], "order_id": "1efd5435-23f3-49de-b413-dda0c4864842", "status": "CREATED", "timestamp": "2020-10-01 09:51:45.617685"}
{"items": [{"location": "BLOCK-4-R-3-S-1", "sku": "SKU-198"}, {"location": "BLOCK-3-R-5-S-6", "sku": "SKU-675"}], "order_id": "8e0de10a-9f68-4054-a9dc-00301f1b98ce", "status": "PROCESSING", "timestamp": "2020-10-01 09:51:45.619192"}
{"items": [{"location": "BLOCK-5-R-5-S-1", "sku": "SKU-646"}, {"location": "BLOCK-2-R-1-S-7", "sku": "SKU-404"}], "order_id": "fbfea445-9833-4781-8231-201b68da47aa", "status": "PROCESSING", "timestamp": "2020-10-01 09:52:45.609416"}
{"items": [{"location": "BLOCK-4-R-2-S-2", "sku": "SKU-198"}, {"location": "BLOCK-1-R-2-S-8", "sku": "SKU-998"}], "order_id": "853bca61-78b8-4d3d-b21d-71df2eaf3a8c", "status": "CREATED", "timestamp": "2020-10-01 09:52:45.612367"}
