{"items": [{"location": "BLOCK-1-R-2-S-3", "sku": "SKU-786"}, {"location": "BLOCK-3-R-1-S-9", "sku": "SKU-898"}, {"location": "BLOCK-4-R-1-S-10", "sku": "SKU-588"}], "order_id": "ec57921a-170e-42b7-b120-6dca46f6b08f", "status": "PROCESSING", "timestamp": "2020-10-01 10:33:45.620685"}
{"items": [{"location": "BLOCK-3-R-7-S-9", "sku": "SKU-12"}, {"location": "BLOCK-4-R-2-S-8", "sku": "SKU-171"}, {"location": "BLOCK-4-R-6-S-3", "sku": "SKU-49"}], "order_id": "2b8adfe2-0fff-470a-baa8-c8d4276a8769", "status": "CREATED", "timestamp": "2020-10-01 10:33:45.629513"}
{"items": [{"location": "BLOCK-1-R-1-S-7", "sku": "SKU-780"}], "order_id": "69418aa8-566b-41a5-b1f9-c2751325fcaa", "status": "PROCESSING", "timestamp": "2020-10-01 10:33:45.633490"}
{"items": [{"location": "BLOCK-4-R-3-S-8", "sku": "SKU-923"}], "order_id": "1bfdeac5-a627-4101-9007-2091de17158d", "status": "PROCESSING", "timestamp": "2020-10-01 10:34:45.609752"}
{"items": [{"location": "BLOCK-4-R-7-S-5", "sku": "SKU-312"}, {"location": "BLOCK-4-R-3-S-6", "sku": "SKU-54"}, {"location": "BLOCK-4-R-1-S-8", "sku": "SKU-377"}], "order_id": "4426a0e9-a66c-4070-9473-fd7ca07962a9", "status": "PROCESSING", "timestamp": "2020-10-01 10:34:45.611285"}
{"items": [{"location": "BLOCK-5-R-6-S-8", "sku": "SKU-998"}, {"location": "BLOCK-5-R-3-S-10", "sku": "SKU-587"}, {"location": "BLOCK-5-R-7-S-9", "sku": "SKU-946"}], "order_id": "4e565691-36c2-4ad3-bb4f-cc4cf71c69a3", "status": "SHIPPED", "timestamp": "2020-10-01 10:34:45.615221"}
{"items": [{"location": "BLOCK-2-R-3-S-4", "sku": "SKU-457"}], "order_id": "e7bb9b72-5b91-4a7f-8033-6a777393f0b5", "status": "CREATED", "timestamp": "2020-10-01 10:34:45.615534"}
{"items": [{"location": "BLOCK-4-R-5-S-2", "sku": "SKU-940"}, {"location": "BLOCK-3-R-4-S-9", "sku": "SKU-467"}, {"location": "BLOCK-3-R-3-S-3", "sku": "SKU-439"}], "order_id": "becb6608-5629-4189-a97b-3b3a3201b897", "status": "CREATED", "timestamp": "2020-10-01 10:34:45.618851"}
{"items": [{"location": "BLOCK-2-R-7-S-7", "sku": "SKU-836"}], "order_id": "073494d9-1406-483c-98d3-9090e69cda0f", "status": "CREATED", "timestamp": "2020-10-01 10:34:45.633022"}
{"items": [{"location": "BLOCK-1-R-4-S-1", "sku": "SKU-96"}, {"location": "BLOCK-2-R-7-S-1", "sku": "SKU-547"}, {"location": "BLOCK-5-R-6-S-4", "sku": "SKU-449"}], "order_id": "df0c508e-8b99-45b7-aca2-cc678132a92b", "status": "CREATED", "timestamp": "2020-10-01 10:35:45.607725"}
{"items": [{"location": "BLOCK-1-R-2-S-2", "sku": "SKU-867"}, {"location": "BLOCK-5-R-5-S-10", "sku": "SKU-176"}], "order_id": "77caf424-5277-4e6d-a608-5c924ac5ce4a", "status": "SHIPPED", "timestamp": "2020-10-01 10:35:45.617240"}
{"items": [{"location": "BLOCK-5-R-2-S-7", "sku": "SKU-297"}, {"location": "BLOCK-1-R-4-S-3", "sku": "SKU-284"}], "order_id": "9551df6d-44f6-456d-b518-1fb225eb3b6e", "status": "SHIPPED", "timestamp": "2020-10-01 10:35:45.617638"}
{"items": [{"location": "BLOCK-3-R-5-S-9", "sku": "SKU-318"}, {"location": "BLOCK-5-R-4-S-8", "sku": "SKU-36"}, {"location": "BLOCK-4-R-2-S-9", "sku": "SKU-271"}], "order_id": "d8051b2e-009f-4fd0-a3ab-45cb81f3dd59", "status": "PROCESSING", "timestamp": "2020-10-01 10:35:45.618264"}
{"items": [{"location": "BLOCK-5-R-7-S-7", "sku": "SKU-68"}, {"location": "BLOCK-2-R-3-S-9", "sku": "SKU-572"}], "order_id": "ecaed01d-a706-4f86-b012-16127dd83364", "status": "PROCESSING", "timestamp": "2020-10-01 10:35:45.624310"}
{"items": [{"location": "BLOCK-3-R-1-S-1", "sku": "SKU-37"}], "order_id": "3318fae8-447b-4790-8d9a-a697a48da612", "status": "CREATED", "timestamp": "2020-10-01 10:35:45.627030"}
{"items": [{"location": "BLOCK-1-R-5-S-6", "sku": "SKU-67"}, {"location": "BLOCK-2-R-4-S-3", "sku": "SKU-908"}], "order_id": "a2a4f78f-7015-4341-bdb7-20aab5dded53", "status": "PROCESSING", "timestamp": "2020-10-01 10:35:45.629776"}
{"items": [{"location": "BLOCK-1-R-1-S-9", "sku": "SKU-517"}, {"location": "BLOCK-4-R-3-S-7", "sku": "SKU-913"}, {"location": "BLOCK-3-R-3-S-2", "sku": "SKU-496"}], "order_id": "686d8e44-9c21-463b-a380-49b062a023d2", "status": "CREATED", "timestamp": "2020-10-01 10:35:45.630962"}
{"items": [{"location": "BLOCK-5-R-6-S-6", "sku": "SKU-181"}], "order_id": "f320f8aa-7ad4-489a-94d5-dc2409ebe44b", "status": "CREATED", "timestamp": "2020-10-01 10:35:45.633819"}
{"items": [{"location": "BLOCK-3-R-6-S-9", "sku": "SKU-378"}, {"location": "BLOCK-2-R-3-S-2", "sku": "SKU-576"}, {"location": "BLOCK-1-R-7-S-10", "sku": "SKU-498"}], "order_id": "98bffeec-d760-4522-8ddf-ae44ef3ebd5f", "status": "CREATED", "timestamp": "2020-10-01 10:36:45.608521"}
{"items": [{"location": "BLOCK-3-R-7-S-5", "sku": "SKU-187"}, {"location": "BLOCK-4-R-2-S-7", "sku": "SKU-933"}], "order_id": "fd6c9c86-0a67-4f71-910f-165929db3a79", "status": "SHIPPED", "timestamp": "2020-10-01 10:36:45.613494"}
{"items": [{"location": "BLOCK-3-R-1-S-7", "sku": "SKU-877"}], "order_id": "811f3639-9b6d-42b8-a324-d1a6aa31781c", "status": "CREATED", "timestamp": "2020-10-01 10:36:45.614282"}
{"items": [{"location": "BLOCK-2-R-2-S-10", "sku": "SKU-523"}, {"location": "BLOCK-4-R-5-S-5", "sku": "SKU-707"}, {"location": "BLOCK-2-R-6-S-3", "sku": "SKU-250"}], "order_id": "44cc0929-81fe-4474-a1a3-8e1e92df32ab", "status": "CREATED", "timestamp": "2020-10-01 10:36:45.616432"}
{"items": [{"location": "BLOCK-3-R-1-S-2", "sku": "SKU-37"}], "order_id": "78de1241-29a6-48a2-9f71-cfc7d57468af", "status": "CREATED", "timestamp": "2020-10-01 10:36:45.618387"}
{"items": [{"location": "BLOCK-4-R-7-S-2", "sku": "SKU-435"}], "order_id": "4fbffabb-d510-4cfb-8ea7-11e4fd7e3693", "status": "CREATED", "timestamp": "2020-10-01 10:36:45.621362"}
{"items": [{"location": "BLOCK-5-R-2-S-10", "sku": "SKU-343"}], "order_id": "4ce9485a-14e7-4373-84ca-cdd616ca1e27", "status": "CREATED", "timestamp": "2020-10-01 10:36:45.628304"}
{"items": [{"location": "BLOCK-3-R-7-S-9", "sku": "SKU-853"}, {"location": "BLOCK-1-R-5-S-2", "sku": "SKU-85"}], "order_id": "d17a8edc-f86c-43f1-a136-35b4f91a756d", "status": "CREATED", "timestamp": "2020-10-01 10:36:45.631021"}
{"items": [{"location": "BLOCK-3-R-1-S-2", "sku": "SKU-375"}, {"location": "BLOCK-2-R-1-S-5", "sku": "SKU-217"}], "order_id": "170c8d71-0d8f-4300-b6b5-751ab4a605d7", "status": "SHIPPED", "timestamp": "2020-10-01 10:36:45.632813"}
{"items": [{"location": "BLOCK-1-R-4-S-5", "sku": "SKU-613"}, {"location": "BLOCK-5-R-6-S-7", "sku": "SKU-170"}, {"location": "BLOCK-3-R-5-S-1", "sku": "SKU-105"}], "order_id": "539bad9f-30e3-4374-8a89-02e5e586183a", "status": "CREATED", "timestamp": "2020-10-01 10:36:45.632875"}
{"items": [{"location": "BLOCK-2-R-2-S-3", "sku": "SKU-400"}], "order_id": "c873684e-32a9-48ef-8b52-74f90d7e7df3", "status": "SHIPPED", "timestamp": "2020-10-01 10:36:45.633557"}
{"items": [{"location": "BLOCK-2-R-2-S-5", "sku": "SKU-319"}], "order_id": "2afcd834-ef92-4b6a-84de-797b20431ff2", "status": "SHIPPED", "timestamp": "2020-10-01 10:37:45.608074"}
{"items": [{"location": "BLOCK-3-R-1-S-4", "sku": "SKU-563"}, {"location": "BLOCK-3-R-2-S-9", "sku": "SKU-568"}, {"location": "BLOCK-1-R-1-S-10", "sku": "SKU-430"}], "order_id": "10e531e2-9d96-469c-8760-69fbd1f1d167", "status": "CREATED", "timestamp": "2020-10-01 10:37:45.611975"}
{"items": [{"location": "BLOCK-3-R-2-S-8", "sku": "SKU-633"}, {"location": "BLOCK-5-R-5-S-3", "sku": "SKU-527"}, {"location": "BLOCK-4-R-7-S-7", "sku": "SKU-759"}], "order_id": "c821de4f-6a83-48f7-a8bb-64c20d4bee51", "status": "CREATED", "timestamp": "2020-10-01 10:37:45.617790"}
{"items": [{"location": "BLOCK-2-R-5-S-5", "sku": "SKU-609"}], "order_id": "853e2e5c-cc3f-4f02-87ea-4d4be41cc0ae", "status": "PROCESSING", "timestamp": "2020-10-01 10:38:45.616879"}
{"items": [{"location": "BLOCK-5-R-4-S-2", "sku": "SKU-903"}, {"location": "BLOCK-5-R-5-S-5", "sku": "SKU-190"}, {"location": "BLOCK-1-R-6-S-3", "sku": "SKU-739"}], "order_id": "5740212e-ddd8-4af5-8c8d-a1a3ae57b5bd", "status": "PROCESSING", "timestamp": "2020-10-01 10:38:45.625530"}
{"items": [{"location": "BLOCK-4-R-3-S-8", "sku": "SKU-667"}, {"location": "BLOCK-5-R-1-S-10", "sku": "SKU-878"}], "order_id": "6791e761-de14-4270-a95f-b73fa17ba4b3", "status": "PROCESSING", "timestamp": "2020-10-01 10:38:45.628620"}
{"items": [{"location": "BLOCK-2-R-3-S-8", "sku": "SKU-53"}], "order_id": "1c22bdd0-3bcc-4602-9f78-79c041139e75", "status": "PROCESSING", "timestamp": "2020-10-01 10:38:45.633214"}
{"items": [{"location": "BLOCK-2-R-2-S-2", "sku": "SKU-515"}, {"location": "BLOCK-2-R-7-S-3", "sku": "SKU-743"}], "order_id": "4982e59e-c0eb-40b4-a54a-a3add224004f", "status": "PROCESSING", "timestamp": "2020-10-01 10:39:45.608413"}
{"items": [{"location": "BLOCK-3-R-3-S-2", "sku": "SKU-461"}, {"location": "BLOCK-2-R-7-S-9", "sku": "SKU-250"}, {"location": "BLOCK-5-R-7-S-1", "sku": "SKU-298"}], "order_id": "1ac5d344-9866-46c3-bab5-7c77dd8c4476", "status": "PROCESSING", "timestamp": "2020-10-01 10:39:45.614557"}
{"items": [{"location": "BLOCK-5-R-6-S-7", "sku": "SKU-603"}], "order_id": "cb14f0be-49c0-41ef-a20c-cbd40d3585ec", "status": "SHIPPED", "timestamp": "2020-10-01 10:39:45.617321"}
{"items": [{"location": "BLOCK-4-R-7-S-2", "sku": "SKU-866"}], "order_id": "66c273c1-434e-4ed4-9f27-05b49a86b1c6", "status": "SHIPPED", "timestamp": "2020-10-01 10:39:45.621645"}
