{"items": [{"location": "BLOCK-1-R-6-S-8", "sku": "SKU-413"}, {"location": "BLOCK-4-R-3-S-7", "sku": "SKU-479"}], "order_id": "419df4a5-3d6d-466b-b2da-b19b6864e945", "status": "CREATED", "timestamp": "2020-10-01 09:05:45.615335"}
{"items": [{"location": "BLOCK-5-R-6-S-1", "sku": "SKU-568"}, {"location": "BLOCK-4-R-5-S-7", "sku": "SKU-316"}], "order_id": "b68ea451-30e7-4739-8e3f-a0164a51e856", "status": "CREATED", "timestamp": "2020-10-01 09:05:45.616961"}
{"items": [{"location": "BLOCK-3-R-3-S-9", "sku": "SKU-244"}, {"location": "BLOCK-2-R-7-S-8", "sku": "SKU-295"}], "order_id": "77f67a6e-7160-4ffa-80e4-2521d3b8458a", "status": "PROCESSING", "timestamp": "2020-10-01 09:05:45.622947"}
{"items": [{"location": "BLOCK-4-R-1-S-4", "sku": "SKU-77"}, {"location": "BLOCK-5-R-7-S-6", "sku": "SKU-76"}, {"location": "BLOCK-1-R-6-S-2", "sku": "SKU-168"}], "order_id": "be7913ed-9f61-411e-913a-e0ef079c7dbc", "status": "CREATED", "timestamp": "2020-10-01 09:05:45.628386"}
{"items": [{"location": "BLOCK-2-R-2-S-2", "sku": "SKU-560"}], "order_id": "07705e3a-6641-4c69-8e2c-496ffb51d144", "status": "PROCESSING", "timestamp": "2020-10-01 09:05:45.629279"}
{"items": [{"location": "BLOCK-5-R-4-S-4", "sku": "SKU-53"}, {"location": "BLOCK-1-R-5-S-10", "sku": "SKU-195"}], "order_id": "6ae43f6a-f318-445f-bc6f-62e7034c09d9", "status": "CREATED", "timestamp": "2020-10-01 09:05:45.630040"}
{"items": [{"location": "BLOCK-1-R-5-S-7", "sku": "SKU-26"}], "order_id": "d0c8bf45-44f4-4ac4-8e32-d80f1e0a70d4", "status": "CREATED", "timestamp": "2020-10-01 09:06:45.618517"}
{"items": [{"location": "BLOCK-3-R-5-S-10", "sku": "SKU-705"}], "order_id": "a49c4c8c-645f-4f93-a61c-4fadb95114d8", "status": "CREATED", "timestamp": "2020-10-01 09:06:45.619467"}
{"items": [{"location": "BLOCK-1-R-1-S-8", "sku": "SKU-448"}], "order_id": "2c6f1cf5-7e2d-4395-8760-1235c38f8ddc", "status": "CREATED", "timestamp": "2020-10-01 09:06:45.633120"}
{"items": [{"location": "BLOCK-3-R-1-S-6", "sku": "SKU-357"}, {"location": "BLOCK-5-R-7-S-4", "sku": "SKU-825"}], "order_id": "e5079086-5613-4204-9811-289aaa6f4cb5", "status": "PROCESSING", "timestamp": "2020-10-01 09:07:45.609473"}
{"items": [{"location": "BLOCK-5-R-2-S-2", "sku": "SKU-488"}, {"location": "BLOCK-4-R-1-S-2", "sku": "SKU-822"}], "order_id": "a8466007-4357-4f9a-a112-055787d14c98", "status": "CREATED", "timestamp": "2020-10-01 09:07:45.618045"}
{"items": [{"location": "BLOCK-5-R-4-S-1", "sku": "SKU-545"}, {"location": "BLOCK-5-R-3-S-1", "sku": "SKU-208"}, {"location": "BLOCK-1-R-3-S-4", "sku": "SKU-869"}], "order_id": "c843ca16-4c5f-4fdc-a660-46785b126a2d", "status": "CREATED", "timestamp": "2020-10-01 09:07:45.619119"}
{"items": [{"location": "BLOCK-1-R-2-S-8", "sku": "SKU-639"}], "order_id": "7b0a01db-bc63-4a18-b234-5b7d05ba32b5", "status": "PROCESSING", "timestamp": "2020-10-01 09:08:45.616133"}
{"items": [{"location": "BLOCK-5-R-2-S-9", "sku": "SKU-694"}, {"location": "BLOCK-4-R-1-S-1", "sku": "SKU-888"}, {"location": "BLOCK-5-R-1-S-2", "sku": "SKU-776"}], "order_id": "c83fcf75-e487-445e-84f8-5a7c38689a0f", "status": "CREATED", "timestamp": "2020-10-01 09:09:45.612865"}
{"items": [{"location": "BLOCK-1-R-4-S-8", "sku": "SKU-916"}], "order_id": "d8d8f3e5-8f1c-445c-b1fc-d76351b3714c", "status": "CREATED", "timestamp": "2020-10-01 09:09:45.613625"}
{"items": [{"location": "BLOCK-4-R-1-S-4", "sku": "SKU-50"}, {"location": "BLOCK-4-R-6-S-6", "sku": "SKU-555"}], "order_id": "6cc80ee5-cfd0-4af9-be37-a51b3d7f063c", "status": "PROCESSING", "timestamp": "2020-10-01 09:09:45.615681"}
{"items": [{"location": "BLOCK-1-R-3-S-9", "sku": "SKU-574"}, {"location": "BLOCK-4-R-6-S-10", "sku": "SKU-740"}, {"location": "BLOCK-2-R-1-S-4", "sku": "SKU-225"}], "order_id": "88ee259e-59ac-4efd-b2bf-927306a88fdc", "status": "PROCESSING", "timestamp": "2020-10-01 09:09:45.629080"}
{"items": [{"location": "BLOCK-4-R-6-S-6", "sku": "SKU-621"}], "order_id": "f79d7020-554e-4a85-82d8-8df550c6ae37", "status": "CREATED", "timestamp": "2020-10-01 09:09:45.633647"}
{"items": [{"location": "BLOCK-5-R-7-S-8", "sku": "SKU-95"}, {"location": "BLOCK-2-R-3-S-9", "sku": "SKU-702"}, {"location": "BLOCK-2-R-1-S-1", "sku": "SKU-973"}], "order_id": "e88e4bb3-9b17-477e-824e-999e4c33831e", "status": "PROCESSING", "timestamp": "2020-10-01 09:10:45.610081"}
{"items": [{"location": "BLOCK-2-R-3-S-10", "sku": "SKU-963"}], "order_id": "2eda51d2-901f-4ef6-b69d-36dc5a7c6236", "status": "CREATED", "timestamp": "2020-10-01 09:10:45.610427"}
{"items": [{"location": "BLOCK-4-R-7-S-10", "sku": "SKU-471"}, {"location": "BLOCK-2-R-5-S-2", "sku": "SKU-960"}], "order_id": "e3b1927a-6bd3-4f68-a80c-798f5231b990", "status": "CREATED", "timestamp": "2020-10-01 09:10:45.614602"}
{"items": [{"location": "BLOCK-2-R-1-S-5", "sku": "SKU-206"}], "order_id": "0d1c4179-9094-43af-b635-1bb31ab82f98", "status": "CREATED", "timestamp": "2020-10-01 09:10:45.618212"}
{"items": [{"location": "BLOCK-1-R-5-S-2", "sku": "SKU-77"}], "order_id": "b79bd31f-8b08-4ded-ab6b-243d53422109", "status": "CREATED", "timestamp": "2020-10-01 09:10:45.620122"}
{"items": [{"location": "BLOCK-2-R-6-S-4", "sku": "SKU-275"}], "order_id": "08bd398c-db0e-4ed9-ac2f-54def04ef0e5", "status": "CREATED", "timestamp": "2020-10-01 09:10:45.630177"}
{"items": [{"location": "BLOCK-3-R-1-S-2", "sku": "SKU-375"}, {"location": "BLOCK-2-R-1-S-5", "sku": "SKU-217"}], "order_id": "170c8d71-0d8f-4300-b6b5-751ab4a605d7", "status": "PROCESSING", "timestamp": "2020-10-01 09:10:45.632813"}
{"items": [{"location": "BLOCK-1-R-1-S-5", "sku": "SKU-58"}], "order_id": "e3d1c735-debc-411e-b681-4ab4ebb67344", "status": "PROCESSING", "timestamp": "2020-10-01 09:10:45.632900"}
{"items": [{"location": "BLOCK-1-R-6-S-3", "sku": "SKU-945"}], "order_id": "bb662eed-73fe-4891-8ad4-01eb8b530d0a", "status": "CREATED", "timestamp": "2020-10-01 09:11:45.619341"}
{"items": [{"location": "BLOCK-2-R-6-S-4", "sku": "SKU-857"}, {"location": "BLOCK-2-R-3-S-10", "sku": "SKU-724"}, {"location": "BLOCK-5-R-2-S-3", "sku": "SKU-249"}], "order_id": "da9b6e8a-763b-403a-9caf-e000f9a5b5e6", "status": "CREATED", "timestamp": "2020-10-01 09:11:45.631839"}
{"items": [{"location": "BLOCK-4-R-6-S-10", "sku": "SKU-967"}], "order_id": "8ad4ed86-814c-43fd-a83a-3b6f0d13f5bd", "status": "CREATED", "timestamp": "2020-10-01 09:12:45.609854"}
{"items": [{"location": "BLOCK-4-R-5-S-1", "sku": "SKU-0"}, {"location": "BLOCK-1-R-6-S-8", "sku": "SKU-714"}, {"location": "BLOCK-5-R-6-S-5", "sku": "SKU-107"}], "order_id": "0ac1a03a-3a5e-4f7e-80dd-4df80cd7c85f", "status": "CREATED", "timestamp": "2020-10-01 09:12:45.618990"}
{"items": [{"location": "BLOCK-3-R-2-S-6", "sku": "SKU-489"}, {"location": "BLOCK-4-R-3-S-1", "sku": "SKU-923"}], "order_id": "3d40a42d-b7fc-4b40-98e0-2c2ebdf63e2c", "status": "CREATED", "timestamp": "2020-10-01 09:12:45.623092"}
{"items": [{"location": "BLOCK-5-R-6-S-9", "sku": "SKU-517"}, {"location": "BLOCK-3-R-3-S-1", "sku": "SKU-392"}], "order_id": "567f8d4c-c149-439f-a4f4-8822aabc7e90", "status": "CREATED", "timestamp": "2020-10-01 09:12:45.626866"}
{"items": [{"location": "BLOCK-1-R-1-S-9", "sku": "SKU-665"}, {"location": "BLOCK-1-R-4-S-2", "sku": "SKU-718"}, {"location": "BLOCK-5-R-1-S-7", "sku": "SKU-117"}], "order_id": "f8f24f95-467c-4981-98f3-204508562784", "status": "CREATED", "timestamp": "2020-10-01 09:12:45.627387"}
{"items": [{"location": "BLOCK-1-R-6-S-9", "sku": "SKU-799"}, {"location": "BLOCK-1-R-5-S-9", "sku": "SKU-758"}], "order_id": "635251da-7438-4ccf-b790-f2634b6848ef", "status": "CREATED", "timestamp": "2020-10-01 09:12:45.629008"}
{"items": [{"location": "BLOCK-5-R-4-S-3", "sku": "SKU-594"}, {"location": "BLOCK-3-R-1-S-9", "sku": "SKU-984"}, {"location": "BLOCK-5-R-6-S-1", "sku": "SKU-727"}], "order_id": "facf6e56-8de8-4053-bc8c-f2b63b98815a", "status": "CREATED", "timestamp": "2020-10-01 09:13:45.615283"}
{"items": [{"location": "BLOCK-1-R-5-S-5", "sku": "SKU-123"}, {"location": "BLOCK-3-R-2-S-4", "sku": "SKU-500"}, {"location": "BLOCK-2-R-7-S-4", "sku": "SKU-404"}], "order_id": "e844061b-f112-4563-bbe4-d5a47564de8a", "status": "CREATED", "timestamp": "2020-10-01 09:13:45.629120"}
{"items": [{"location": "BLOCK-3-R-7-S-5", "sku": "SKU-187"}, {"location": "BLOCK-4-R-2-S-7", "sku": "SKU-933"}], "order_id": "fd6c9c86-0a67-4f71-910f-165929db3a79", "status": "PROCESSING", "timestamp": "2020-10-01 09:14:45.613494"}
{"items": [{"location": "BLOCK-3-R-4-S-1", "sku": "SKU-476"}], "order_id": "fbe1d522-3972-4b4e-96fb-9823f964def1", "status": "PROCESSING", "timestamp": "2020-10-01 09:14:45.617193"}
{"items": [{"location": "BLOCK-2-R-3-S-2", "sku": "SKU-556"}, {"location": "BLOCK-5-R-4-S-6", "sku": "SKU-670"}, {"location": "BLOCK-5-R-4-S-9", "sku": "SKU-319"}], "order_id": "44fe2a92-0735-45c2-a75b-d1bdad7c85df", "status": "PROCESSING", "timestamp": "2020-10-01 09:14:45.625722"}
{"items": [{"location": "BLOCK-1-R-6-S-10", "sku": "SKU-79"}, {"location": "BLOCK-1-R-2-S-9", "sku": "SKU-711"}, {"location": "BLOCK-2-R-7-S-7", "sku": "SKU-898"}], "order_id": "035ba5d1-948b-41db-8ddd-aec54d285320", "status": "CREATED", "timestamp": "2020-10-01 09:14:45.626573"}
