{"items": [{"location": "BLOCK-5-R-5-S-5", "sku": "SKU-560"}, {"location": "BLOCK-4-R-3-S-9", "sku": "SKU-270"}], "order_id": "c898a5dd-fe63-4636-9d53-a3bac8734f6f", "status": "PROCESSING", "timestamp": "2020-10-01 09:52:45.616376"}
{"items": [{"location": "BLOCK-2-R-2-S-10", "sku": "SKU-268"}], "order_id": "02999805-dca0-4bb2-9517-f27ee7d1404c", "status": "PROCESSING", "timestamp": "2020-10-01 09:52:45.618934"}
{"items": [{"location": "BLOCK-5-R-5-S-10", "sku": "SKU-908"}, {"location": "BLOCK-2-R-1-S-8", "sku": "SKU-468"}, {"location": "BLOCK-3-R-7-S-7", "sku": "SKU-893"}], "order_id": "367a3e3a-8a61-4437-810b-f887ae61ea01", "status": "CREATED", "timestamp": "2020-10-01 09:52:45.629556"}
{"items": [{"location": "BLOCK-4-R-6-S-6", "sku": "SKU-17"}, {"location": "BLOCK-3-R-1-S-4", "sku": "SKU-689"}], "order_id": "377122b7-0784-4517-86c7-d9cd89823b8b", "status": "PROCESSING", "timestamp": "2020-10-01 09:52:45.631935"}
{"items": [{"location": "BLOCK-5-R-1-S-9", "sku": "SKU-683"}, {"location": "BLOCK-2-R-6-S-6", "sku": "SKU-333"}], "order_id": "cbf67a74-71b7-4832-897b-80066d156559", "status": "CREATED", "timestamp": "2020-10-01 09:53:45.609697"}
{"items": [{"location": "BLOCK-4-R-4-S-3", "sku": "SKU-854"}, {"location": "BLOCK-4-R-6-S-9", "sku": "SKU-898"}, {"location": "BLOCK-4-R-2-S-6", "sku": "SKU-381"}], "order_id": "56511f8f-22a6-4f23-8791-42324df3818d", "status": "PROCESSING", "timestamp": "2020-10-01 09:53:45.615012"}
{"items": [{"location": "BLOCK-4-R-1-S-5", "sku": "SKU-150"}, {"location": "BLOCK-5-R-6-S-5", "sku": "SKU-910"}], "order_id": "c92f45f0-564d-42fb-afb3-f85a76edfd5c", "status": "PROCESSING", "timestamp": "2020-10-01 09:53:45.616691"}
{"items": [{"location": "BLOCK-2-R-3-S-2", "sku": "SKU-703"}], "order_id": "83a5d46c-aaca-47d9-9769-bcd2fce92b5f", "status": "CREATED", "timestamp": "2020-10-01 09:53:45.618084"}
{"items": [{"location": "BLOCK-1-R-7-S-8", "sku": "SKU-700"}, {"location": "BLOCK-5-R-6-S-9", "sku": "SKU-644"}, {"location": "BLOCK-1-R-4-S-5", "sku": "SKU-768"}], "order_id": "d3f84dec-3a4c-4308-9f45-9a99bdc77b6c", "status": "CREATED", "timestamp": "2020-10-01 09:53:45.620875"}
{"items": [{"location": "BLOCK-2-R-4-S-10", "sku": "SKU-826"}], "order_id": "dd0073fd-31b0-4dc5-bdae-360314fe7ece", "status": "CREATED", "timestamp": "2020-10-01 09:53:45.621871"}
{"items": [{"location": "BLOCK-5-R-5-S-2", "sku": "SKU-103"}, {"location": "BLOCK-5-R-5-S-9", "sku": "SKU-69"}], "order_id": "5d08a952-7766-4d0c-bc8d-721f38810879", "status": "CREATED", "timestamp": "2020-10-01 09:53:45.625937"}
{"items": [{"location": "BLOCK-2-R-6-S-2", "sku": "SKU-116"}, {"location": "BLOCK-1-R-5-S-6", "sku": "SKU-766"}, {"location": "BLOCK-1-R-6-S-3", "sku": "SKU-236"}], "order_id": "6f70dac8-c281-461d-94b4-7a0155bb04cf", "status": "CREATED", "timestamp": "2020-10-01 09:53:45.627440"}
{"items": [{"location": "BLOCK-3-R-6-S-5", "sku": "SKU-271"}, {"location": "BLOCK-1-R-5-S-3", "sku": "SKU-258"}], "order_id": "6fcf942f-765d-4b76-bc8a-b79b1ae85a94", "status": "CREATED", "timestamp": "2020-10-01 09:53:45.628896"}
{"items": [{"location": "BLOCK-4-R-6-S-2", "sku": "SKU-286"}, {"location": "BLOCK-1-R-4-S-8", "sku": "SKU-294"}, {"location": "BLOCK-2-R-3-S-7", "sku": "SKU-615"}], "order_id": "d8ec44e5-09e7-4ed8-b0e6-de108e1c11b2", "status": "PROCESSING", "timestamp": "2020-10-01 09:53:45.629961"}
{"items": [{"location": "BLOCK-4-R-5-S-8", "sku": "SKU-91"}], "order_id": "769ea8de-5169-4ce5-b258-338e46158fcc", "status": "PROCESSING", "timestamp": "2020-10-01 09:54:45.608258"}
{"items": [{"location": "BLOCK-4-R-4-S-3", "sku": "SKU-827"}], "order_id": "2394d6c9-b476-4d99-b84f-3832eff042cb", "status": "CREATED", "timestamp": "2020-10-01 09:54:45.613436"}
{"items": [{"location": "BLOCK-1-R-3-S-9", "sku": "SKU-739"}, {"location": "BLOCK-2-R-1-S-9", "sku": "SKU-190"}], "order_id": "35f9cddc-8805-4199-bdc1-026e5dcefda2", "status": "PROCESSING", "timestamp": "2020-10-01 09:54:45.617283"}
{"items": [{"location": "BLOCK-5-R-5-S-1", "sku": "SKU-697"}, {"location": "BLOCK-1-R-2-S-1", "sku": "SKU-713"}], "order_id": "29846ea1-1830-4b36-82ec-74941cbd8f63", "status": "PROCESSING", "timestamp": "2020-10-01 09:54:45.625437"}
{"items": [{"location": "BLOCK-1-R-6-S-5", "sku": "SKU-785"}], "order_id": "b2756e3b-420b-42f6-8430-68d7d289586e", "status": "CREATED", "timestamp": "2020-10-01 09:54:45.626626"}
{"items": [{"location": "BLOCK-4-R-7-S-1", "sku": "SKU-939"}, {"location": "BLOCK-1-R-2-S-3", "sku": "SKU-29"}], "order_id": "2ed089dd-3eca-4c8e-9e10-1cec306e7f79", "status": "SHIPPED", "timestamp": "2020-10-01 09:55:45.611165"}
{"items": [{"location": "BLOCK-5-R-3-S-4", "sku": "SKU-478"}, {"location": "BLOCK-2-R-5-S-9", "sku": "SKU-817"}, {"location": "BLOCK-4-R-4-S-8", "sku": "SKU-642"}], "order_id": "f4c22f82-8714-430a-836d-8bc1a456394d", "status": "CREATED", "timestamp": "2020-10-01 09:55:45.616489"}
{"items": [{"location": "BLOCK-2-R-6-S-3", "sku": "SKU-437"}, {"location": "BLOCK-2-R-5-S-1", "sku": "SKU-724"}, {"location": "BLOCK-1-R-1-S-8", "sku": "SKU-380"}], "order_id": "04cb130c-affc-4c2c-8873-6d0ab682987f", "status": "SHIPPED", "timestamp": "2020-10-01 09:55:45.629671"}
{"items": [{"location": "BLOCK-2-R-6-S-6", "sku": "SKU-652"}, {"location": "BLOCK-4-R-2-S-3", "sku": "SKU-609"}, {"location": "BLOCK-3-R-2-S-1", "sku": "SKU-978"}], "order_id": "6dea9684-ddfd-485a-8d83-9e451be10f1b", "status": "SHIPPED", "timestamp": "2020-10-01 09:55:45.630130"}
{"items": [{"location": "BLOCK-1-R-2-S-3", "sku": "SKU-326"}], "order_id": "de2a7e24-4f9c-4b75-b24b-0d4fd32229a2", "status": "SHIPPED", "timestamp": "2020-10-01 09:56:45.609521"}
{"items": [{"location": "BLOCK-5-R-4-S-10", "sku": "SKU-128"}, {"location": "BLOCK-3-R-7-S-5", "sku": "SKU-920"}, {"location": "BLOCK-3-R-3-S-1", "sku": "SKU-550"}], "order_id": "d580585f-90b7-438a-b2ec-922c88d95866", "status": "SHIPPED", "timestamp": "2020-10-01 09:56:45.611492"}
{"items": [{"location": "BLOCK-1-R-3-S-1", "sku": "SKU-47"}], "order_id": "67eeea46-2b9b-4a0f-8587-c6e47f14b60d", "status": "PROCESSING", "timestamp": "2020-10-01 09:56:45.613965"}
{"items": [{"location": "BLOCK-2-R-2-S-7", "sku": "SKU-426"}], "order_id": "5253efc1-7bb9-4b44-a560-b70dd1fc959d", "status": "CREATED", "timestamp": "2020-10-01 09:56:45.616916"}
{"items": [{"location": "BLOCK-5-R-6-S-1", "sku": "SKU-568"}, {"location": "BLOCK-4-R-5-S-7", "sku": "SKU-316"}], "order_id": "b68ea451-30e7-4739-8e3f-a0164a51e856", "status": "PROCESSING", "timestamp": "2020-10-01 09:56:45.616961"}
{"items": [{"location": "BLOCK-2-R-3-S-8", "sku": "SKU-659"}], "order_id": "8a852e61-bef0-4110-8c07-50127a11a2ca", "status": "CREATED", "timestamp": "2020-10-01 09:56:45.617728"}
{"items": [{"location": "BLOCK-2-R-2-S-10", "sku": "SKU-723"}, {"location": "BLOCK-3-R-3-S-2", "sku": "SKU-405"}], "order_id": "e92c11f4-0d5d-4fa8-8ffb-49fd1b53a445", "status": "PROCESSING", "timestamp": "2020-10-01 09:56:45.621744"}
{"items": [{"location": "BLOCK-1-R-5-S-3", "sku": "SKU-805"}, {"location": "BLOCK-3-R-7-S-2", "sku": "SKU-255"}], "order_id": "7f05a12f-2b3b-4249-ac62-ac24d561d44c", "status": "CREATED", "timestamp": "2020-10-01 09:56:45.626514"}
{"items": [{"location": "BLOCK-4-R-6-S-8", "sku": "SKU-806"}], "order_id": "f703ea0c-c091-4f9c-b236-30414c022edd", "status": "CREATED", "timestamp": "2020-10-01 09:56:45.632018"}
{"items": [{"location": "BLOCK-3-R-7-S-8", "sku": "SKU-644"}], "order_id": "a9deabd4-ea58-4ced-8f63-4be188f436ee", "status": "CREATED", "timestamp": "2020-10-01 09:57:45.622111"}
{"items": [{"location": "BLOCK-3-R-7-S-4", "sku": "SKU-212"}], "order_id": "aa1ef6cf-c5d6-42ad-8e1d-d426ee8ef325", "status": "PROCESSING", "timestamp": "2020-10-01 09:57:45.624551"}
{"items": [{"location": "BLOCK-2-R-7-S-2", "sku": "SKU-38"}], "order_id": "c8f018d8-b9f6-4236-8c47-7dbdc6f5b016", "status": "SHIPPED", "timestamp": "2020-10-01 09:57:45.627159"}
{"items": [{"location": "BLOCK-2-R-6-S-2", "sku": "SKU-796"}], "order_id": "1802b806-56fc-4d94-9559-9307ff966ce3", "status": "SHIPPED", "timestamp": "2020-10-01 09:57:45.629806"}
{"items": [{"location": "BLOCK-2-R-4-S-3", "sku": "SKU-692"}], "order_id": "7254c1b9-d7a2-4b98-9afc-3b099142c5a4", "status": "SHIPPED", "timestamp": "2020-10-01 09:57:45.631297"}
{"items": [{"location": "BLOCK-4-R-7-S-3", "sku": "SKU-51"}, {"location": "BLOCK-2-R-1-S-6", "sku": "SKU-540"}], "order_id": "cfa33b84-7c1f-4e4b-9aa7-9c50c7cf2c94", "status": "SHIPPED", "timestamp": "2020-10-01 09:58:45.608618"}
{"items": [{"location": "BLOCK-3-R-7-S-8", "sku": "SKU-796"}], "order_id": "33fc8f2d-0f39-44a3-b27e-89142e954760", "status": "SHIPPED", "timestamp": "2020-10-01 09:58:45.609309"}
{"items": [{"location": "BLOCK-1-R-1-S-6", "sku": "SKU-203"}, {"location": "BLOCK-3-R-4-S-1", "sku": "SKU-716"}], "order_id": "8a7e355a-1c31-4622-b059-c0b6353ec73c", "status": "SHIPPED", "timestamp": "2020-10-01 09:58:45.617059"}
