{"items": [{"location": "BLOCK-1-R-5-S-9", "sku": "SKU-188"}, {"location": "BLOCK-3-R-3-S-5", "sku": "SKU-396"}], "order_id": "6c59bf07-c119-49b4-b485-b15a8a10eee5", "status": "PROCESSING", "timestamp": "2020-10-01 10:59:45.622678"}
{"items": [{"location": "BLOCK-1-R-6-S-5", "sku": "SKU-785"}], "order_id": "b2756e3b-420b-42f6-8430-68d7d289586e", "status": "PROCESSING", "timestamp": "2020-10-01 10:59:45.626626"}
{"items": [{"location": "BLOCK-2-R-2-S-8", "sku": "SKU-448"}], "order_id": "f378a927-4e91-4acc-92f7-5c301891f903", "status": "SHIPPED", "timestamp": "2020-10-01 10:59:45.631682"}
{"items": [{"location": "BLOCK-4-R-2-S-2", "sku": "SKU-198"}, {"location": "BLOCK-1-R-2-S-8", "sku": "SKU-998"}], "order_id": "853bca61-78b8-4d3d-b21d-71df2eaf3a8c", "status": "PROCESSING", "timestamp": "2020-10-01 11:00:45.612367"}
{"items": [{"location": "BLOCK-1-R-6-S-9", "sku": "SKU-261"}, {"location": "BLOCK-3-R-6-S-3", "sku": "SKU-312"}], "order_id": "8d7154bd-b18b-4786-aed1-cda78488de95", "status": "SHIPPED", "timestamp": "2020-10-01 11:00:45.613066"}
{"items": [{"location": "BLOCK-2-R-4-S-9", "sku": "SKU-906"}, {"location": "BLOCK-5-R-2-S-6", "sku": "SKU-248"}, {"location": "BLOCK-1-R-6-S-3", "sku": "SKU-800"}], "order_id": "f1110ed6-ab4f-4c35-ace2-cadfcd6b3d60", "status": "PROCESSING", "timestamp": "2020-10-01 11:01:45.613285"}
{"items": [{"location": "BLOCK-1-R-2-S-5", "sku": "SKU-349"}, {"location": "BLOCK-2-R-7-S-1", "sku": "SKU-523"}], "order_id": "c30ac740-cc7f-482f-a969-a11d1d00e09a", "status": "SHIPPED", "timestamp": "2020-10-01 11:01:45.623167"}
{"items": [{"location": "BLOCK-3-R-6-S-5", "sku": "SKU-271"}, {"location": "BLOCK-1-R-5-S-3", "sku": "SKU-258"}], "order_id": "6fcf942f-765d-4b76-bc8a-b79b1ae85a94", "status": "PROCESSING", "timestamp": "2020-10-01 11:01:45.628896"}
{"items": [{"location": "BLOCK-5-R-5-S-10", "sku": "SKU-908"}, {"location": "BLOCK-2-R-1-S-8", "sku": "SKU-468"}, {"location": "BLOCK-3-R-7-S-7", "sku": "SKU-893"}], "order_id": "367a3e3a-8a61-4437-810b-f887ae61ea01", "status": "PROCESSING", "timestamp": "2020-10-01 11:01:45.629556"}
{"items": [{"location": "BLOCK-4-R-6-S-8", "sku": "SKU-806"}], "order_id": "f703ea0c-c091-4f9c-b236-30414c022edd", "status": "PROCESSING", "timestamp": "2020-10-01 11:01:45.632018"}
{"items": [{"location": "BLOCK-3-R-4-S-8", "sku": "SKU-553"}, {"location": "BLOCK-1-R-6-S-7", "sku": "SKU-459"}, {"location": "BLOCK-1-R-5-S-6", "sku": "SKU-984"}], "order_id": "5571b7d2-0a02-45eb-a0ab-5177b35244cb", "status": "PROCESSING", "timestamp": "2020-10-01 11:01:45.632329"}
{"items": [{"location": "BLOCK-1-R-7-S-9", "sku": "SKU-77"}, {"location": "BLOCK-5-R-1-S-8", "sku": "SKU-18"}, {"location": "BLOCK-2-R-1-S-6", "sku": "SKU-850"}], "order_id": "ecf2b10a-2008-4526-8745-529273c69642", "status": "SHIPPED", "timestamp": "2020-10-01 11:02:45.611625"}
{"items": [{"location": "BLOCK-2-R-3-S-8", "sku": "SKU-659"}], "order_id": "8a852e61-bef0-4110-8c07-50127a11a2ca", "status": "PROCESSING", "timestamp": "2020-10-01 11:02:45.617728"}
{"items": [{"location": "BLOCK-5-R-2-S-4", "sku": "SKU-895"}, {"location": "BLOCK-1-R-3-S-5", "sku": "SKU-51"}, {"location": "BLOCK-5-R-3-S-8", "sku": "SKU-223"}], "order_id": "789e1360-715a-45dc-ac84-ab8fb15397f2", "status": "SHIPPED", "timestamp": "2020-10-01 11:02:45.620228"}
{"items": [{"location": "BLOCK-3-R-7-S-8", "sku": "SKU-644"}], "order_id": "a9deabd4-ea58-4ced-8f63-4be188f436ee", "status": "PROCESSING", "timestamp": "2020-10-01 11:02:45.622111"}
{"items": [{"location": "BLOCK-5-R-5-S-2", "sku": "SKU-103"}, {"location": "BLOCK-5-R-5-S-9", "sku": "SKU-69"}], "order_id": "5d08a952-7766-4d0c-bc8d-721f38810879", "status": "PROCESSING", "timestamp": "2020-10-01 11:02:45.625937"}
{"items": [{"location": "BLOCK-1-R-5-S-3", "sku": "SKU-805"}, {"location": "BLOCK-3-R-7-S-2", "sku": "SKU-255"}], "order_id": "7f05a12f-2b3b-4249-ac62-ac24d561d44c", "status": "PROCESSING", "timestamp": "2020-10-01 11:02:45.626514"}
{"items": [{"location": "BLOCK-2-R-5-S-1", "sku": "SKU-658"}, {"location": "BLOCK-3-R-7-S-1", "sku": "SKU-480"}], "order_id": "15a1b2ae-af80-46f6-9833-e60c6a0776c9", "status": "SHIPPED", "timestamp": "2020-10-01 11:02:45.633151"}
{"items": [{"location": "BLOCK-3-R-3-S-9", "sku": "SKU-607"}, {"location": "BLOCK-1-R-6-S-6", "sku": "SKU-786"}], "order_id": "bdbc9741-2a70-4a48-93a6-2b3089c0275f", "status": "PROCESSING", "timestamp": "2020-10-01 11:03:45.616639"}
{"items": [{"location": "BLOCK-3-R-3-S-7", "sku": "SKU-471"}, {"location": "BLOCK-3-R-1-S-3", "sku": "SKU-355"}], "order_id": "41821987-d010-4f14-9786-c7202aad639e", "status": "PROCESSING", "timestamp": "2020-10-01 11:03:45.624860"}
{"items": [{"location": "BLOCK-4-R-7-S-7", "sku": "SKU-679"}, {"location": "BLOCK-4-R-4-S-8", "sku": "SKU-304"}], "order_id": "94635635-bebe-4bbb-9791-e1cf891f0b4c", "status": "PROCESSING", "timestamp": "2020-10-01 11:03:45.627124"}
{"items": [{"location": "BLOCK-2-R-4-S-9", "sku": "SKU-198"}, {"location": "BLOCK-3-R-5-S-8", "sku": "SKU-232"}, {"location": "BLOCK-5-R-1-S-1", "sku": "SKU-852"}], "order_id": "6c6b7b85-eb0f-42d2-ae6d-c9be17072c12", "status": "PROCESSING", "timestamp": "2020-10-01 11:03:45.630005"}
{"items": [{"location": "BLOCK-3-R-1-S-8", "sku": "SKU-877"}, {"location": "BLOCK-2-R-3-S-3", "sku": "SKU-293"}, {"location": "BLOCK-4-R-7-S-1", "sku": "SKU-397"}], "order_id": "a233f14e-fd8a-4d5c-8558-63ac11a2ab16", "status": "SHIPPED", "timestamp": "2020-10-01 11:04:45.608176"}
{"items": [{"location": "BLOCK-2-R-4-S-2", "sku": "SKU-837"}, {"location": "BLOCK-3-R-6-S-10", "sku": "SKU-795"}, {"location": "BLOCK-4-R-5-S-5", "sku": "SKU-106"}], "order_id": "c5218918-328e-4b1f-b1fc-1b934c995d95", "status": "PROCESSING", "timestamp": "2020-10-01 11:04:45.615070"}
{"items": [{"location": "BLOCK-5-R-5-S-5", "sku": "SKU-560"}, {"location": "BLOCK-4-R-3-S-9", "sku": "SKU-270"}], "order_id": "c898a5dd-fe63-4636-9d53-a3bac8734f6f", "status": "SHIPPED", "timestamp": "2020-10-01 11:04:45.616376"}
{"items": [{"location": "BLOCK-1-R-6-S-8", "sku": "SKU-280"}, {"location": "BLOCK-5-R-1-S-1", "sku": "SKU-719"}, {"location": "BLOCK-4-R-2-S-6", "sku": "SKU-273"}], "order_id": "69f2f3e5-21e0-41fb-854b-5276c078dedf", "status": "PROCESSING", "timestamp": "2020-10-01 11:04:45.620780"}
{"items": [{"location": "BLOCK-5-R-7-S-1", "sku": "SKU-437"}], "order_id": "2235eb98-728a-4a3d-9b49-cff327c3d264", "status": "PROCESSING", "timestamp": "2020-10-01 11:05:45.610711"}
{"items": [{"location": "BLOCK-1-R-3-S-9", "sku": "SKU-739"}, {"location": "BLOCK-2-R-1-S-9", "sku": "SKU-190"}], "order_id": "35f9cddc-8805-4199-bdc1-026e5dcefda2", "status": "SHIPPED", "timestamp": "2020-10-01 11:05:45.617283"}
{"items": [{"location": "BLOCK-3-R-1-S-2", "sku": "SKU-410"}], "order_id": "b262894e-d243-4e07-b3ca-281fcd63b08a", "status": "PROCESSING", "timestamp": "2020-10-01 11:05:45.619261"}
{"items": [{"location": "BLOCK-3-R-3-S-3", "sku": "SKU-923"}], "order_id": "7621bc11-54b5-4037-bcb1-e2df7a1be126", "status": "SHIPPED", "timestamp": "2020-10-01 11:05:45.632141"}
{"items": [{"location": "BLOCK-5-R-5-S-9", "sku": "SKU-579"}], "order_id": "cfbb8606-49f0-4cb6-99c2-592eaf64c287", "status": "PROCESSING", "timestamp": "2020-10-01 11:05:45.632204"}
{"items": [{"location": "BLOCK-5-R-3-S-3", "sku": "SKU-917"}, {"location": "BLOCK-4-R-2-S-6", "sku": "SKU-781"}, {"location": "BLOCK-1-R-5-S-1", "sku": "SKU-19"}], "order_id": "3c5dbf65-39a3-491f-bf2b-1a53b00a76be", "status": "SHIPPED", "timestamp": "2020-10-01 11:05:45.632704"}
{"items": [{"location": "BLOCK-4-R-5-S-1", "sku": "SKU-317"}, {"location": "BLOCK-1-R-1-S-4", "sku": "SKU-165"}], "order_id": "cb0fc221-dc49-4f9b-9f1b-d3e78b6dbe8a", "status": "PROCESSING", "timestamp": "2020-10-01 11:06:45.612074"}
{"items": [{"location": "BLOCK-1-R-6-S-8", "sku": "SKU-413"}, {"location": "BLOCK-4-R-3-S-7", "sku": "SKU-479"}], "order_id": "419df4a5-3d6d-466b-b2da-b19b6864e945", "status": "SHIPPED", "timestamp": "2020-10-01 11:06:45.615335"}
{"items": [{"location": "BLOCK-2-R-2-S-7", "sku": "SKU-426"}], "order_id": "5253efc1-7bb9-4b44-a560-b70dd1fc959d", "status": "PROCESSING", "timestamp": "2020-10-01 11:06:45.616916"}
{"items": [{"location": "BLOCK-5-R-4-S-3", "sku": "SKU-75"}], "order_id": "ba4c7f0d-d8d5-4d9e-bb1e-26a660ee371c", "status": "PROCESSING", "timestamp": "2020-10-01 11:06:45.622584"}
{"items": [{"location": "BLOCK-3-R-6-S-3", "sku": "SKU-63"}, {"location": "BLOCK-4-R-3-S-5", "sku": "SKU-589"}, {"location": "BLOCK-1-R-6-S-8", "sku": "SKU-611"}], "order_id": "dc74ef3a-a09c-4ab8-adb8-28661dfe91c4", "status": "SHIPPED", "timestamp": "2020-10-01 11:07:45.613804"}
{"items": [{"location": "BLOCK-5-R-6-S-1", "sku": "SKU-568"}, {"location": "BLOCK-4-R-5-S-7", "sku": "SKU-316"}], "order_id": "b68ea451-30e7-4739-8e3f-a0164a51e856", "status": "SHIPPED", "timestamp": "2020-10-01 11:07:45.616961"}
{"items": [{"location": "BLOCK-5-R-2-S-4", "sku": "SKU-380"}, {"location": "BLOCK-2-R-3-S-10", "sku": "SKU-30"}, {"location": "BLOCK-4-R-3-S-5", "sku": "SKU-184"}], "order_id": "0d2da585-c3f2-4186-804d-da50a5ed5364", "status": "SHIPPED", "timestamp": "2020-10-01 11:08:45.607840"}
{"items": [{"location": "BLOCK-4-R-5-S-3", "sku": "SKU-746"}, {"location": "BLOCK-1-R-6-S-4", "sku": "SKU-144"}, {"location": "BLOCK-5-R-3-S-4", "sku": "SKU-253"}], "order_id": "6f11121b-a7a7-472a-90d9-e62c3cdef91b", "status": "PROCESSING", "timestamp": "2020-10-01 11:08:45.613702"}
