{"items": [{"location": "BLOCK-1-R-6-S-2", "sku": "SKU-276"}, {"location": "BLOCK-4-R-6-S-2", "sku": "SKU-290"}, {"location": "BLOCK-4-R-1-S-9", "sku": "SKU-228"}], "order_id": "82a0084d-18f6-427b-a05a-8b60eaeefca5", "status": "CREATED", "timestamp": "2020-10-01 10:26:45.612625"}
{"items": [{"location": "BLOCK-1-R-3-S-9", "sku": "SKU-358"}, {"location": "BLOCK-5-R-7-S-8", "sku": "SKU-185"}, {"location": "BLOCK-3-R-1-S-10", "sku": "SKU-942"}], "order_id": "d23859ba-0211-4ee7-afd9-590ed82c657d", "status": "SHIPPED", "timestamp": "2020-10-01 10:26:45.613229"}
{"items": [{"location": "BLOCK-1-R-2-S-8", "sku": "SKU-639"}], "order_id": "7b0a01db-bc63-4a18-b234-5b7d05ba32b5", "status": "SHIPPED", "timestamp": "2020-10-01 10:26:45.616133"}
{"items": [{"location": "BLOCK-4-R-6-S-2", "sku": "SKU-662"}, {"location": "BLOCK-2-R-5-S-3", "sku": "SKU-812"}], "order_id": "38bd0061-18e6-4f45-aeed-8307e400843e", "status": "SHIPPED", "timestamp": "2020-10-01 10:26:45.616840"}
{"items": [{"location": "BLOCK-5-R-4-S-8", "sku": "SKU-224"}], "order_id": "3eb340a2-e403-4b94-8f23-e52095d90be2", "status": "SHIPPED", "timestamp": "2020-10-01 10:26:45.620169"}
{"items": [{"location": "BLOCK-4-R-2-S-8", "sku": "SKU-926"}, {"location": "BLOCK-5-R-3-S-10", "sku": "SKU-171"}, {"location": "BLOCK-3-R-2-S-6", "sku": "SKU-473"}], "order_id": "9b07cbe4-e091-4b94-a986-e58389aaba3b", "status": "CREATED", "timestamp": "2020-10-01 10:26:45.626766"}
{"items": [{"location": "BLOCK-4-R-5-S-5", "sku": "SKU-707"}], "order_id": "cf53df67-08ad-4707-a139-4dca0aabf3bf", "status": "SHIPPED", "timestamp": "2020-10-01 10:27:45.614007"}
{"items": [{"location": "BLOCK-1-R-3-S-8", "sku": "SKU-649"}, {"location": "BLOCK-1-R-3-S-5", "sku": "SKU-355"}], "order_id": "ef0a6fcd-cd75-48a0-8eea-cfb83ee9dde1", "status": "SHIPPED", "timestamp": "2020-10-01 10:27:45.617998"}
{"items": [{"location": "BLOCK-1-R-5-S-6", "sku": "SKU-72"}, {"location": "BLOCK-5-R-7-S-1", "sku": "SKU-223"}], "order_id": "b4a4ee04-7094-4ccc-bbc3-727858c45954", "status": "SHIPPED", "timestamp": "2020-10-01 10:27:45.622389"}
{"items": [{"location": "BLOCK-5-R-3-S-4", "sku": "SKU-776"}, {"location": "BLOCK-1-R-7-S-10", "sku": "SKU-321"}, {"location": "BLOCK-4-R-5-S-6", "sku": "SKU-914"}], "order_id": "83a3e03e-20c9-4da6-a85e-1e2d71ee5a7f", "status": "SHIPPED", "timestamp": "2020-10-01 10:27:45.626362"}
{"items": [{"location": "BLOCK-2-R-7-S-1", "sku": "SKU-393"}, {"location": "BLOCK-4-R-4-S-6", "sku": "SKU-883"}, {"location": "BLOCK-1-R-6-S-7", "sku": "SKU-832"}], "order_id": "46755ce6-1ef6-4925-8134-cee69745de8b", "status": "SHIPPED", "timestamp": "2020-10-01 10:27:45.627307"}
{"items": [{"location": "BLOCK-4-R-2-S-2", "sku": "SKU-430"}, {"location": "BLOCK-5-R-5-S-8", "sku": "SKU-950"}], "order_id": "3e322438-7c39-43c9-a2fc-6e293e9245c9", "status": "SHIPPED", "timestamp": "2020-10-01 10:27:45.629841"}
{"items": [{"location": "BLOCK-2-R-6-S-8", "sku": "SKU-802"}], "order_id": "c5f4ccc4-0b48-4099-99a9-d2f53b4c26eb", "status": "CREATED", "timestamp": "2020-10-01 10:27:45.633790"}
{"items": [{"location": "BLOCK-3-R-3-S-2", "sku": "SKU-858"}, {"location": "BLOCK-2-R-4-S-9", "sku": "SKU-839"}, {"location": "BLOCK-2-R-7-S-6", "sku": "SKU-410"}], "order_id": "b08cd439-d1c7-4921-ad3b-4c36639039d2", "status": "CREATED", "timestamp": "2020-10-01 10:28:45.610994"}
{"items": [{"location": "BLOCK-3-R-4-S-9", "sku": "SKU-286"}, {"location": "BLOCK-4-R-4-S-6", "sku": "SKU-591"}], "order_id": "cf14a1f9-18dd-4bf0-9c93-2be6a68ac168", "status": "PROCESSING", "timestamp": "2020-10-01 10:28:45.613387"}
{"items": [{"location": "BLOCK-2-R-7-S-5", "sku": "SKU-219"}, {"location": "BLOCK-2-R-2-S-3", "sku": "SKU-233"}, {"location": "BLOCK-1-R-5-S-2", "sku": "SKU-490"}], "order_id": "dc1190af-b692-4a10-b9b8-f2789a27844d", "status": "PROCESSING", "timestamp": "2020-10-01 10:28:45.618614"}
{"items": [{"location": "BLOCK-5-R-5-S-4", "sku": "SKU-741"}], "order_id": "1f1329cb-55d0-4063-b241-c7db1269a0eb", "status": "CREATED", "timestamp": "2020-10-01 10:28:45.620587"}
{"items": [{"location": "BLOCK-3-R-7-S-7", "sku": "SKU-30"}, {"location": "BLOCK-3-R-5-S-1", "sku": "SKU-311"}, {"location": "BLOCK-4-R-2-S-10", "sku": "SKU-980"}], "order_id": "9f1b246c-a1f9-4355-b5bc-8a5bf0b42b76", "status": "PROCESSING", "timestamp": "2020-10-01 10:28:45.630561"}
{"items": [{"location": "BLOCK-4-R-1-S-9", "sku": "SKU-813"}, {"location": "BLOCK-2-R-2-S-4", "sku": "SKU-106"}], "order_id": "aa850ac7-c897-4f33-a61a-1acc0f153aa7", "status": "PROCESSING", "timestamp": "2020-10-01 10:28:45.632620"}
{"items": [{"location": "BLOCK-2-R-2-S-2", "sku": "SKU-520"}], "order_id": "247a31be-c6e4-444b-bc8b-005cd94671af", "status": "PROCESSING", "timestamp": "2020-10-01 10:29:45.607889"}
{"items": [{"location": "BLOCK-3-R-1-S-1", "sku": "SKU-986"}, {"location": "BLOCK-1-R-2-S-7", "sku": "SKU-727"}, {"location": "BLOCK-1-R-7-S-8", "sku": "SKU-753"}], "order_id": "e0083208-de74-4175-8b1d-bbc587f2a29b", "status": "CREATED", "timestamp": "2020-10-01 10:29:45.608362"}
{"items": [{"location": "BLOCK-2-R-2-S-6", "sku": "SKU-974"}, {"location": "BLOCK-3-R-2-S-10", "sku": "SKU-226"}, {"location": "BLOCK-3-R-4-S-2", "sku": "SKU-345"}], "order_id": "cc442e17-e230-4df4-b496-9cf1c677c00b", "status": "CREATED", "timestamp": "2020-10-01 10:29:45.608856"}
{"items": [{"location": "BLOCK-3-R-4-S-7", "sku": "SKU-248"}, {"location": "BLOCK-2-R-2-S-4", "sku": "SKU-339"}, {"location": "BLOCK-3-R-1-S-9", "sku": "SKU-47"}], "order_id": "f29df43f-63b7-4cd1-aa3d-d7ddd9a20556", "status": "CREATED", "timestamp": "2020-10-01 10:29:45.614385"}
{"items": [{"location": "BLOCK-4-R-2-S-4", "sku": "SKU-638"}, {"location": "BLOCK-1-R-1-S-5", "sku": "SKU-985"}], "order_id": "c33fc5e1-996d-4f83-a313-cf6130137156", "status": "SHIPPED", "timestamp": "2020-10-01 10:29:45.621956"}
{"items": [{"location": "BLOCK-3-R-7-S-1", "sku": "SKU-552"}, {"location": "BLOCK-2-R-5-S-10", "sku": "SKU-784"}, {"location": "BLOCK-2-R-3-S-6", "sku": "SKU-657"}], "order_id": "30f8926a-00b1-4222-95cc-ee9411b9640b", "status": "PROCESSING", "timestamp": "2020-10-01 10:29:45.630864"}
{"items": [{"location": "BLOCK-3-R-4-S-4", "sku": "SKU-104"}, {"location": "BLOCK-4-R-7-S-7", "sku": "SKU-852"}, {"location": "BLOCK-1-R-3-S-2", "sku": "SKU-96"}], "order_id": "b22f6f87-0ab7-403b-a1c8-21952534f695", "status": "PROCESSING", "timestamp": "2020-10-01 10:30:45.608680"}
{"items": [{"location": "BLOCK-5-R-3-S-5", "sku": "SKU-332"}, {"location": "BLOCK-4-R-2-S-4", "sku": "SKU-991"}], "order_id": "23ab533a-ac3b-477e-937a-0c5be2a8e763", "status": "SHIPPED", "timestamp": "2020-10-01 10:30:45.617426"}
{"items": [{"location": "BLOCK-1-R-3-S-4", "sku": "SKU-416"}], "order_id": "837344c0-3929-43fd-8fd9-5aa076371543", "status": "PROCESSING", "timestamp": "2020-10-01 10:30:45.632045"}
{"items": [{"location": "BLOCK-1-R-7-S-4", "sku": "SKU-743"}, {"location": "BLOCK-3-R-7-S-8", "sku": "SKU-610"}], "order_id": "d11f1da8-3359-4886-8f5b-f33b61c13cb9", "status": "CREATED", "timestamp": "2020-10-01 10:31:45.607584"}
{"items": [{"location": "BLOCK-4-R-6-S-8", "sku": "SKU-661"}], "order_id": "3692b049-a5bf-4559-b0aa-a769f46692ff", "status": "SHIPPED", "timestamp": "2020-10-01 10:31:45.615812"}
{"items": [{"location": "BLOCK-4-R-1-S-2", "sku": "SKU-556"}, {"location": "BLOCK-5-R-4-S-1", "sku": "SKU-907"}], "order_id": "da376bc3-c5af-421a-9102-d1c169658e9a", "status": "SHIPPED", "timestamp": "2020-10-01 10:31:45.622774"}
{"items": [{"location": "BLOCK-2-R-4-S-8", "sku": "SKU-5"}, {"location": "BLOCK-2-R-1-S-9", "sku": "SKU-535"}], "order_id": "cdcd7b1f-df9f-46e4-afeb-e45316841f50", "status": "PROCESSING", "timestamp": "2020-10-01 10:32:45.615439"}
{"items": [{"location": "BLOCK-4-R-2-S-5", "sku": "SKU-993"}, {"location": "BLOCK-4-R-5-S-8", "sku": "SKU-880"}], "order_id": "631c43fd-69a4-40f9-896f-cecdacb0fc81", "status": "SHIPPED", "timestamp": "2020-10-01 10:32:45.626973"}
{"items": [{"location": "BLOCK-1-R-5-S-9", "sku": "SKU-898"}, {"location": "BLOCK-1-R-7-S-9", "sku": "SKU-241"}], "order_id": "38605903-d04e-41a6-ad33-8b5c1760d074", "status": "CREATED", "timestamp": "2020-10-01 10:32:45.632664"}
{"items": [{"location": "BLOCK-2-R-7-S-6", "sku": "SKU-325"}, {"location": "BLOCK-2-R-2-S-2", "sku": "SKU-992"}, {"location": "BLOCK-2-R-6-S-7", "sku": "SKU-638"}], "order_id": "4b057e49-b788-4a6f-82ea-c64a87f39898", "status": "CREATED", "timestamp": "2020-10-01 10:33:45.607952"}
{"items": [{"location": "BLOCK-4-R-2-S-2", "sku": "SKU-649"}], "order_id": "55da6765-e2d0-4863-b99f-1634aa1e060b", "status": "CREATED", "timestamp": "2020-10-01 10:33:45.608300"}
{"items": [{"location": "BLOCK-5-R-6-S-6", "sku": "SKU-979"}], "order_id": "44115b7b-32d4-4988-acd6-8a5da2d8760f", "status": "PROCESSING", "timestamp": "2020-10-01 10:33:45.610017"}
{"items": [{"location": "BLOCK-1-R-6-S-1", "sku": "SKU-477"}, {"location": "BLOCK-4-R-1-S-7", "sku": "SKU-506"}, {"location": "BLOCK-3-R-1-S-9", "sku": "SKU-627"}], "order_id": "43dd907c-56ee-4662-a575-44360c05357c", "status": "SHIPPED", "timestamp": "2020-10-01 10:33:45.619038"}
{"items": [{"location": "BLOCK-3-R-2-S-10", "sku": "SKU-686"}, {"location": "BLOCK-3-R-3-S-6", "sku": "SKU-743"}], "order_id": "a2c3e367-0799-499d-a5f3-a4874300a45b", "status": "CREATED", "timestamp": "2020-10-01 10:33:45.619555"}
{"items": [{"location": "BLOCK-3-R-1-S-4", "sku": "SKU-402"}, {"location": "BLOCK-5-R-7-S-7", "sku": "SKU-309"}, {"location": "BLOCK-1-R-3-S-2", "sku": "SKU-11"}], "order_id": "8b59b7d4-a094-41a5-b9d9-3e5c2d774df7", "status": "PROCESSING", "timestamp": "2020-10-01 10:33:45.619606"}
