{"items": [{"location": "BLOCK-4-R-1-S-4", "sku": "SKU-50"}, {"location": "BLOCK-4-R-6-S-6", "sku": "SKU-555"}], "order_id": "6cc80ee5-cfd0-4af9-be37-a51b3d7f063c", "status": "CREATED", "timestamp": "2020-10-01 08:16:45.615681"}
{"items": [{"location": "BLOCK-1-R-4-S-9", "sku": "SKU-66"}], "order_id": "567f8fd5-0168-4f4d-856c-c17c459db964", "status": "CREATED", "timestamp": "2020-10-01 08:16:45.624407"}
{"items": [{"location": "BLOCK-1-R-3-S-9", "sku": "SKU-358"}, {"location": "BLOCK-5-R-7-S-8", "sku": "SKU-185"}, {"location": "BLOCK-3-R-1-S-10", "sku": "SKU-942"}], "order_id": "d23859ba-0211-4ee7-afd9-590ed82c657d", "status": "CREATED", "timestamp": "2020-10-01 08:17:45.613229"}
{"items": [{"location": "BLOCK-4-R-5-S-1", "sku": "SKU-59"}, {"location": "BLOCK-4-R-6-S-7", "sku": "SKU-658"}, {"location": "BLOCK-2-R-3-S-8", "sku": "SKU-582"}], "order_id": "b703ebaa-2c08-4461-becc-c53053ce4e1a", "status": "CREATED", "timestamp": "2020-10-01 08:17:45.626272"}
{"items": [{"location": "BLOCK-1-R-5-S-8", "sku": "SKU-66"}, {"location": "BLOCK-4-R-6-S-9", "sku": "SKU-524"}], "order_id": "d4aa62dd-bd84-4a2f-a1f9-16314428982e", "status": "CREATED", "timestamp": "2020-10-01 08:17:45.629365"}
{"items": [{"location": "BLOCK-2-R-2-S-5", "sku": "SKU-319"}], "order_id": "2afcd834-ef92-4b6a-84de-797b20431ff2", "status": "CREATED", "timestamp": "2020-10-01 08:19:45.608074"}
{"items": [{"location": "BLOCK-3-R-1-S-2", "sku": "SKU-375"}, {"location": "BLOCK-2-R-1-S-5", "sku": "SKU-217"}], "order_id": "170c8d71-0d8f-4300-b6b5-751ab4a605d7", "status": "CREATED", "timestamp": "2020-10-01 08:19:45.632813"}
{"items": [{"location": "BLOCK-3-R-7-S-5", "sku": "SKU-187"}, {"location": "BLOCK-4-R-2-S-7", "sku": "SKU-933"}], "order_id": "fd6c9c86-0a67-4f71-910f-165929db3a79", "status": "CREATED", "timestamp": "2020-10-01 08:20:45.613494"}
{"items": [{"location": "BLOCK-2-R-2-S-4", "sku": "SKU-845"}], "order_id": "3586fcd8-172d-4572-b46e-9f4d441f4758", "status": "CREATED", "timestamp": "2020-10-01 08:20:45.615162"}
{"items": [{"location": "BLOCK-1-R-2-S-2", "sku": "SKU-867"}, {"location": "BLOCK-5-R-5-S-10", "sku": "SKU-176"}], "order_id": "77caf424-5277-4e6d-a608-5c924ac5ce4a", "status": "CREATED", "timestamp": "2020-10-01 08:20:45.617240"}
{"items": [{"location": "BLOCK-5-R-3-S-5", "sku": "SKU-332"}, {"location": "BLOCK-4-R-2-S-4", "sku": "SKU-991"}], "order_id": "23ab533a-ac3b-477e-937a-0c5be2a8e763", "status": "CREATED", "timestamp": "2020-10-01 08:21:45.617426"}
{"items": [{"location": "BLOCK-5-R-4-S-8", "sku": "SKU-224"}], "order_id": "3eb340a2-e403-4b94-8f23-e52095d90be2", "status": "CREATED", "timestamp": "2020-10-01 08:21:45.620169"}
{"items": [{"location": "BLOCK-4-R-2-S-9", "sku": "SKU-838"}, {"location": "BLOCK-5-R-2-S-9", "sku": "SKU-475"}], "order_id": "03006977-674f-4064-bbc9-929d039c2503", "status": "CREATED", "timestamp": "2020-10-01 08:21:45.621207"}
{"items": [{"location": "BLOCK-5-R-3-S-4", "sku": "SKU-776"}, {"location": "BLOCK-1-R-7-S-10", "sku": "SKU-321"}, {"location": "BLOCK-4-R-5-S-6", "sku": "SKU-914"}], "order_id": "83a3e03e-20c9-4da6-a85e-1e2d71ee5a7f", "status": "CREATED", "timestamp": "2020-10-01 08:21:45.626362"}
{"items": [{"location": "BLOCK-5-R-6-S-8", "sku": "SKU-998"}, {"location": "BLOCK-5-R-3-S-10", "sku": "SKU-587"}, {"location": "BLOCK-5-R-7-S-9", "sku": "SKU-946"}], "order_id": "4e565691-36c2-4ad3-bb4f-cc4cf71c69a3", "status": "CREATED", "timestamp": "2020-10-01 08:22:45.615221"}
{"items": [{"location": "BLOCK-4-R-6-S-3", "sku": "SKU-768"}, {"location": "BLOCK-5-R-6-S-7", "sku": "SKU-13"}, {"location": "BLOCK-2-R-6-S-10", "sku": "SKU-479"}], "order_id": "319efffa-ac77-46fc-bdea-3623c0808a55", "status": "CREATED", "timestamp": "2020-10-01 08:24:45.625222"}
{"items": [{"location": "BLOCK-4-R-5-S-5", "sku": "SKU-707"}], "order_id": "cf53df67-08ad-4707-a139-4dca0aabf3bf", "status": "CREATED", "timestamp": "2020-10-01 08:25:45.614007"}
{"items": [{"location": "BLOCK-4-R-1-S-2", "sku": "SKU-556"}, {"location": "BLOCK-5-R-4-S-1", "sku": "SKU-907"}], "order_id": "da376bc3-c5af-421a-9102-d1c169658e9a", "status": "CREATED", "timestamp": "2020-10-01 08:25:45.622774"}
{"items": [{"location": "BLOCK-1-R-4-S-7", "sku": "SKU-939"}], "order_id": "2791dac4-cf10-4dca-80b7-83392e4f61c0", "status": "CREATED", "timestamp": "2020-10-01 08:27:45.613585"}
{"items": [{"location": "BLOCK-5-R-6-S-7", "sku": "SKU-603"}], "order_id": "cb14f0be-49c0-41ef-a20c-cbd40d3585ec", "status": "CREATED", "timestamp": "2020-10-01 08:27:45.617321"}
{"items": [{"location": "BLOCK-3-R-3-S-10", "sku": "SKU-840"}, {"location": "BLOCK-4-R-4-S-4", "sku": "SKU-689"}], "order_id": "6ed0d943-a79b-4f82-b9ea-07e66b59364e", "status": "CREATED", "timestamp": "2020-10-01 08:28:45.615731"}
{"items": [{"location": "BLOCK-1-R-6-S-1", "sku": "SKU-477"}, {"location": "BLOCK-4-R-1-S-7", "sku": "SKU-506"}, {"location": "BLOCK-3-R-1-S-9", "sku": "SKU-627"}], "order_id": "43dd907c-56ee-4662-a575-44360c05357c", "status": "CREATED", "timestamp": "2020-10-01 08:28:45.619038"}
{"items": [{"location": "BLOCK-4-R-5-S-2", "sku": "SKU-622"}, {"location": "BLOCK-1-R-2-S-9", "sku": "SKU-736"}], "order_id": "ef2aabf7-b171-480a-af6d-ceef58238f40", "status": "CREATED", "timestamp": "2020-10-01 08:29:45.616327"}
{"items": [{"location": "BLOCK-5-R-2-S-7", "sku": "SKU-297"}, {"location": "BLOCK-1-R-4-S-3", "sku": "SKU-284"}], "order_id": "9551df6d-44f6-456d-b518-1fb225eb3b6e", "status": "CREATED", "timestamp": "2020-10-01 08:29:45.617638"}
{"items": [{"location": "BLOCK-3-R-2-S-5", "sku": "SKU-787"}, {"location": "BLOCK-4-R-2-S-6", "sku": "SKU-684"}, {"location": "BLOCK-5-R-1-S-3", "sku": "SKU-897"}], "order_id": "28a1a2c2-c4cf-4260-91b9-85ddd6464dde", "status": "CREATED", "timestamp": "2020-10-01 08:29:45.628141"}
{"items": [{"location": "BLOCK-2-R-7-S-8", "sku": "SKU-736"}, {"location": "BLOCK-4-R-7-S-8", "sku": "SKU-359"}, {"location": "BLOCK-4-R-4-S-5", "sku": "SKU-791"}], "order_id": "0833bb36-e2cb-4f2b-8287-96ad704b6908", "status": "CREATED", "timestamp": "2020-10-01 08:29:45.633861"}
{"items": [{"location": "BLOCK-3-R-1-S-4", "sku": "SKU-450"}, {"location": "BLOCK-3-R-5-S-6", "sku": "SKU-819"}], "order_id": "62275af3-963a-469e-8a4f-59dd531a8340", "status": "CREATED", "timestamp": "2020-10-01 08:30:45.617104"}
{"items": [{"location": "BLOCK-3-R-5-S-8", "sku": "SKU-819"}, {"location": "BLOCK-1-R-3-S-2", "sku": "SKU-897"}], "order_id": "2cac18c5-6de5-4b2a-8f0e-81f87c54a0ea", "status": "CREATED", "timestamp": "2020-10-01 08:30:45.618347"}
{"items": [{"location": "BLOCK-3-R-5-S-9", "sku": "SKU-255"}], "order_id": "a00c4a15-c692-4290-b071-2b3673e895c3", "status": "CREATED", "timestamp": "2020-10-01 08:30:45.624937"}
{"items": [{"location": "BLOCK-1-R-1-S-1", "sku": "SKU-193"}, {"location": "BLOCK-3-R-7-S-7", "sku": "SKU-235"}], "order_id": "0a95e529-283c-451c-a430-db06aabdb6f0", "status": "CREATED", "timestamp": "2020-10-01 08:31:45.613543"}
{"items": [{"location": "BLOCK-3-R-1-S-1", "sku": "SKU-422"}, {"location": "BLOCK-4-R-2-S-4", "sku": "SKU-888"}, {"location": "BLOCK-3-R-4-S-6", "sku": "SKU-807"}], "order_id": "8ccfad54-7b3d-475c-ac87-2d9bc90a556d", "status": "CREATED", "timestamp": "2020-10-01 08:31:45.632938"}
{"items": [{"location": "BLOCK-4-R-7-S-2", "sku": "SKU-866"}], "order_id": "66c273c1-434e-4ed4-9f27-05b49a86b1c6", "status": "CREATED", "timestamp": "2020-10-01 08:32:45.621645"}
{"items": [{"location": "BLOCK-2-R-7-S-2", "sku": "SKU-38"}], "order_id": "c8f018d8-b9f6-4236-8c47-7dbdc6f5b016", "status": "PROCESSING", "timestamp": "2020-10-01 08:33:45.627159"}
{"items": [{"location": "BLOCK-2-R-2-S-3", "sku": "SKU-400"}], "order_id": "c873684e-32a9-48ef-8b52-74f90d7e7df3", "status": "CREATED", "timestamp": "2020-10-01 08:33:45.633557"}
{"items": [{"location": "BLOCK-5-R-6-S-7", "sku": "SKU-684"}, {"location": "BLOCK-1-R-3-S-7", "sku": "SKU-445"}, {"location": "BLOCK-2-R-4-S-8", "sku": "SKU-383"}], "order_id": "ed7580df-ed37-4691-8837-2a1d22370857", "status": "PROCESSING", "timestamp": "2020-10-01 08:34:45.622208"}
{"items": [{"location": "BLOCK-3-R-4-S-8", "sku": "SKU-157"}, {"location": "BLOCK-4-R-7-S-9", "sku": "SKU-197"}], "order_id": "a9ca442e-c0c0-41db-9e0f-6596c572f55f", "status": "CREATED", "timestamp": "2020-10-01 08:34:45.622631"}
{"items": [{"location": "BLOCK-5-R-5-S-6", "sku": "SKU-950"}, {"location": "BLOCK-3-R-2-S-4", "sku": "SKU-607"}], "order_id": "4a9a879f-9944-4002-870f-f4468de6ee66", "status": "CREATED", "timestamp": "2020-10-01 08:35:45.609910"}
{"items": [{"location": "BLOCK-5-R-4-S-10", "sku": "SKU-128"}, {"location": "BLOCK-3-R-7-S-5", "sku": "SKU-920"}, {"location": "BLOCK-3-R-3-S-1", "sku": "SKU-550"}], "order_id": "d580585f-90b7-438a-b2ec-922c88d95866", "status": "PROCESSING", "timestamp": "2020-10-01 08:35:45.611492"}
{"items": [{"location": "BLOCK-2-R-6-S-6", "sku": "SKU-756"}], "order_id": "22df55e9-9ae8-466c-b132-0d5000507d49", "status": "CREATED", "timestamp": "2020-10-01 08:35:45.623016"}
{"items": [{"location": "BLOCK-2-R-6-S-9", "sku": "SKU-973"}], "order_id": "9a8c6211-1e84-4b5a-886e-4155e9777b10", "status": "CREATED", "timestamp": "2020-10-01 08:37:45.614454"}
