{"items": [{"location": "BLOCK-2-R-6-S-1", "sku": "SKU-241"}, {"location": "BLOCK-4-R-6-S-3", "sku": "SKU-282"}, {"location": "BLOCK-2-R-6-S-4", "sku": "SKU-411"}], "order_id": "a73464bc-bce4-4988-bb85-310d303510af", "status": "CREATED", "timestamp": "2020-10-01 09:14:45.627503"}
{"items": [{"location": "BLOCK-3-R-7-S-10", "sku": "SKU-488"}], "order_id": "321c92e1-5ccd-4675-881b-cee6428a2c25", "status": "CREATED", "timestamp": "2020-10-01 09:15:45.616095"}
{"items": [{"location": "BLOCK-4-R-6-S-2", "sku": "SKU-662"}, {"location": "BLOCK-2-R-5-S-3", "sku": "SKU-812"}], "order_id": "38bd0061-18e6-4f45-aeed-8307e400843e", "status": "PROCESSING", "timestamp": "2020-10-01 09:15:45.616840"}
{"items": [{"location": "BLOCK-4-R-2-S-3", "sku": "SKU-700"}, {"location": "BLOCK-2-R-4-S-2", "sku": "SKU-664"}, {"location": "BLOCK-2-R-5-S-3", "sku": "SKU-393"}], "order_id": "15927f5b-de99-4e93-97dd-ad862adc4381", "status": "CREATED", "timestamp": "2020-10-01 09:15:45.620423"}
{"items": [{"location": "BLOCK-4-R-2-S-4", "sku": "SKU-638"}, {"location": "BLOCK-1-R-1-S-5", "sku": "SKU-985"}], "order_id": "c33fc5e1-996d-4f83-a313-cf6130137156", "status": "PROCESSING", "timestamp": "2020-10-01 09:15:45.621956"}
{"items": [{"location": "BLOCK-1-R-2-S-1", "sku": "SKU-837"}], "order_id": "9e12e875-afc6-4d26-a253-8ccf7435e237", "status": "PROCESSING", "timestamp": "2020-10-01 09:15:45.625354"}
{"items": [{"location": "BLOCK-5-R-3-S-9", "sku": "SKU-517"}], "order_id": "68ed2db9-47ca-4357-ae66-53d518732c4a", "status": "CREATED", "timestamp": "2020-10-01 09:15:45.633186"}
{"items": [{"location": "BLOCK-1-R-6-S-10", "sku": "SKU-62"}], "order_id": "14818b90-a8aa-47a1-ade7-3037461c4e02", "status": "CREATED", "timestamp": "2020-10-01 09:16:45.608459"}
{"items": [{"location": "BLOCK-4-R-6-S-8", "sku": "SKU-661"}], "order_id": "3692b049-a5bf-4559-b0aa-a769f46692ff", "status": "PROCESSING", "timestamp": "2020-10-01 09:16:45.615812"}
{"items": [{"location": "BLOCK-5-R-3-S-7", "sku": "SKU-505"}], "order_id": "07c84df7-c14f-468f-ace3-8e4190b252bd", "status": "CREATED", "timestamp": "2020-10-01 09:16:45.616588"}
{"items": [{"location": "BLOCK-1-R-5-S-6", "sku": "SKU-72"}, {"location": "BLOCK-5-R-7-S-1", "sku": "SKU-223"}], "order_id": "b4a4ee04-7094-4ccc-bbc3-727858c45954", "status": "PROCESSING", "timestamp": "2020-10-01 09:16:45.622389"}
{"items": [{"location": "BLOCK-1-R-1-S-2", "sku": "SKU-886"}, {"location": "BLOCK-1-R-2-S-5", "sku": "SKU-69"}], "order_id": "f95cfa91-cbd5-46c5-8f58-d9e1584cc007", "status": "CREATED", "timestamp": "2020-10-01 09:16:45.627082"}
{"items": [{"location": "BLOCK-4-R-2-S-2", "sku": "SKU-430"}, {"location": "BLOCK-5-R-5-S-8", "sku": "SKU-950"}], "order_id": "3e322438-7c39-43c9-a2fc-6e293e9245c9", "status": "PROCESSING", "timestamp": "2020-10-01 09:16:45.629841"}
{"items": [{"location": "BLOCK-2-R-2-S-8", "sku": "SKU-827"}, {"location": "BLOCK-2-R-2-S-9", "sku": "SKU-989"}, {"location": "BLOCK-1-R-4-S-3", "sku": "SKU-455"}], "order_id": "bdf7c0e5-7f88-42ed-b9e0-6585a1238b52", "status": "PROCESSING", "timestamp": "2020-10-01 09:16:45.631438"}
{"items": [{"location": "BLOCK-1-R-7-S-9", "sku": "SKU-511"}], "order_id": "0c812c39-bde1-4397-9803-394f60ac4344", "status": "PROCESSING", "timestamp": "2020-10-01 09:17:45.612263"}
{"items": [{"location": "BLOCK-2-R-6-S-7", "sku": "SKU-579"}, {"location": "BLOCK-2-R-4-S-8", "sku": "SKU-135"}, {"location": "BLOCK-3-R-5-S-10", "sku": "SKU-672"}], "order_id": "481467a3-4610-4916-8c70-1509411469d3", "status": "PROCESSING", "timestamp": "2020-10-01 09:17:45.617586"}
{"items": [{"location": "BLOCK-5-R-5-S-3", "sku": "SKU-559"}, {"location": "BLOCK-3-R-4-S-3", "sku": "SKU-342"}], "order_id": "0a1594d7-cd7b-4153-a541-c5a8dc994fc5", "status": "CREATED", "timestamp": "2020-10-01 09:17:45.625295"}
{"items": [{"location": "BLOCK-2-R-7-S-1", "sku": "SKU-393"}, {"location": "BLOCK-4-R-4-S-6", "sku": "SKU-883"}, {"location": "BLOCK-1-R-6-S-7", "sku": "SKU-832"}], "order_id": "46755ce6-1ef6-4925-8134-cee69745de8b", "status": "PROCESSING", "timestamp": "2020-10-01 09:17:45.627307"}
{"items": [{"location": "BLOCK-2-R-7-S-8", "sku": "SKU-215"}, {"location": "BLOCK-1-R-1-S-3", "sku": "SKU-831"}], "order_id": "46c0b72c-0be7-4e1f-8c26-3e59dee79d43", "status": "CREATED", "timestamp": "2020-10-01 09:18:45.616051"}
{"items": [{"location": "BLOCK-1-R-2-S-3", "sku": "SKU-9"}, {"location": "BLOCK-1-R-7-S-2", "sku": "SKU-557"}, {"location": "BLOCK-2-R-4-S-6", "sku": "SKU-846"}], "order_id": "3c587042-e344-4ca8-a27c-efe645d05ea5", "status": "CREATED", "timestamp": "2020-10-01 09:18:45.616546"}
{"items": [{"location": "BLOCK-1-R-1-S-1", "sku": "SKU-385"}], "order_id": "5a075776-9d6f-4edd-ba93-c12af9b61fb8", "status": "CREATED", "timestamp": "2020-10-01 09:18:45.616788"}
{"items": [{"location": "BLOCK-5-R-3-S-5", "sku": "SKU-332"}, {"location": "BLOCK-4-R-2-S-4", "sku": "SKU-991"}], "order_id": "23ab533a-ac3b-477e-937a-0c5be2a8e763", "status": "PROCESSING", "timestamp": "2020-10-01 09:18:45.617426"}
{"items": [{"location": "BLOCK-5-R-3-S-4", "sku": "SKU-776"}, {"location": "BLOCK-1-R-7-S-10", "sku": "SKU-321"}, {"location": "BLOCK-4-R-5-S-6", "sku": "SKU-914"}], "order_id": "83a3e03e-20c9-4da6-a85e-1e2d71ee5a7f", "status": "PROCESSING", "timestamp": "2020-10-01 09:18:45.626362"}
{"items": [{"location": "BLOCK-1-R-4-S-1", "sku": "SKU-555"}], "order_id": "b4c6c2a0-07b2-4fba-8fa0-4187c2e7c46c", "status": "CREATED", "timestamp": "2020-10-01 09:18:45.629878"}
{"items": [{"location": "BLOCK-3-R-4-S-9", "sku": "SKU-286"}, {"location": "BLOCK-4-R-4-S-6", "sku": "SKU-591"}], "order_id": "cf14a1f9-18dd-4bf0-9c93-2be6a68ac168", "status": "CREATED", "timestamp": "2020-10-01 09:19:45.613387"}
{"items": [{"location": "BLOCK-3-R-5-S-10", "sku": "SKU-723"}, {"location": "BLOCK-1-R-5-S-6", "sku": "SKU-893"}], "order_id": "cbb40307-f9d1-46be-b01f-d69bf2f9f0e7", "status": "CREATED", "timestamp": "2020-10-01 09:19:45.613749"}
{"items": [{"location": "BLOCK-1-R-6-S-1", "sku": "SKU-477"}, {"location": "BLOCK-4-R-1-S-7", "sku": "SKU-506"}, {"location": "BLOCK-3-R-1-S-9", "sku": "SKU-627"}], "order_id": "43dd907c-56ee-4662-a575-44360c05357c", "status": "PROCESSING", "timestamp": "2020-10-01 09:19:45.619038"}
{"items": [{"location": "BLOCK-5-R-1-S-1", "sku": "SKU-611"}, {"location": "BLOCK-5-R-2-S-6", "sku": "SKU-806"}], "order_id": "0eb2aa85-8968-49f0-ad41-375e421a744e", "status": "CREATED", "timestamp": "2020-10-01 09:20:45.609967"}
{"items": [{"location": "BLOCK-2-R-5-S-4", "sku": "SKU-801"}], "order_id": "57fc1c30-0b16-4040-a9e2-74e9e860cac3", "status": "CREATED", "timestamp": "2020-10-01 09:20:45.611848"}
{"items": [{"location": "BLOCK-4-R-5-S-1", "sku": "SKU-59"}, {"location": "BLOCK-4-R-6-S-7", "sku": "SKU-658"}, {"location": "BLOCK-2-R-3-S-8", "sku": "SKU-582"}], "order_id": "b703ebaa-2c08-4461-becc-c53053ce4e1a", "status": "PROCESSING", "timestamp": "2020-10-01 09:20:45.626272"}
{"items": [{"location": "BLOCK-2-R-7-S-8", "sku": "SKU-736"}, {"location": "BLOCK-4-R-7-S-8", "sku": "SKU-359"}, {"location": "BLOCK-4-R-4-S-5", "sku": "SKU-791"}], "order_id": "0833bb36-e2cb-4f2b-8287-96ad704b6908", "status": "PROCESSING", "timestamp": "2020-10-01 09:20:45.633861"}
{"items": [{"location": "BLOCK-2-R-7-S-5", "sku": "SKU-219"}, {"location": "BLOCK-2-R-2-S-3", "sku": "SKU-233"}, {"location": "BLOCK-1-R-5-S-2", "sku": "SKU-490"}], "order_id": "dc1190af-b692-4a10-b9b8-f2789a27844d", "status": "CREATED", "timestamp": "2020-10-01 09:22:45.618614"}
{"items": [{"location": "BLOCK-4-R-2-S-9", "sku": "SKU-838"}, {"location": "BLOCK-5-R-2-S-9", "sku": "SKU-475"}], "order_id": "03006977-674f-4064-bbc9-929d039c2503", "status": "PROCESSING", "timestamp": "2020-10-01 09:22:45.621207"}
{"items": [{"location": "BLOCK-4-R-2-S-5", "sku": "SKU-993"}, {"location": "BLOCK-4-R-5-S-8", "sku": "SKU-880"}], "order_id": "631c43fd-69a4-40f9-896f-cecdacb0fc81", "status": "PROCESSING", "timestamp": "2020-10-01 09:22:45.626973"}
{"items": [{"location": "BLOCK-3-R-6-S-10", "sku": "SKU-572"}, {"location": "BLOCK-2-R-4-S-1", "sku": "SKU-968"}], "order_id": "47cb31c2-32aa-4f10-a3dd-7b0c59df879d", "status": "CREATED", "timestamp": "2020-10-01 09:22:45.631608"}
{"items": [{"location": "BLOCK-1-R-4-S-10", "sku": "SKU-18"}, {"location": "BLOCK-5-R-6-S-1", "sku": "SKU-185"}, {"location": "BLOCK-4-R-5-S-3", "sku": "SKU-70"}], "order_id": "8f0ea287-a6b3-4d4a-8687-894313e84ee1", "status": "CREATED", "timestamp": "2020-10-01 09:22:45.632452"}
{"items": [{"location": "BLOCK-2-R-2-S-2", "sku": "SKU-520"}], "order_id": "247a31be-c6e4-444b-bc8b-005cd94671af", "status": "CREATED", "timestamp": "2020-10-01 09:23:45.607889"}
{"items": [{"location": "BLOCK-1-R-3-S-9", "sku": "SKU-358"}, {"location": "BLOCK-5-R-7-S-8", "sku": "SKU-185"}, {"location": "BLOCK-3-R-1-S-10", "sku": "SKU-942"}], "order_id": "d23859ba-0211-4ee7-afd9-590ed82c657d", "status": "PROCESSING", "timestamp": "2020-10-01 09:23:45.613229"}
{"items": [{"location": "BLOCK-3-R-5-S-9", "sku": "SKU-255"}], "order_id": "a00c4a15-c692-4290-b071-2b3673e895c3", "status": "PROCESSING", "timestamp": "2020-10-01 09:23:45.624937"}
{"items": [{"location": "BLOCK-4-R-6-S-9", "sku": "SKU-757"}], "order_id": "e5237b41-a645-4163-8c37-383f80ea25a3", "status": "CREATED", "timestamp": "2020-10-01 09:23:45.625802"}
