{"items": [{"location": "BLOCK-1-R-5-S-4", "sku": "SKU-980"}, {"location": "BLOCK-1-R-6-S-2", "sku": "SKU-210"}], "order_id": "5c9c6194-297a-49ff-b704-e7360fc77a39", "status": "CREATED", "timestamp": "2020-10-01 07:38:45.618171"}
{"items": [{"location": "BLOCK-5-R-6-S-7", "sku": "SKU-684"}, {"location": "BLOCK-1-R-3-S-7", "sku": "SKU-445"}, {"location": "BLOCK-2-R-4-S-8", "sku": "SKU-383"}], "order_id": "ed7580df-ed37-4691-8837-2a1d22370857", "status": "CREATED", "timestamp": "2020-10-01 07:38:45.622208"}
{"items": [{"location": "BLOCK-2-R-6-S-3", "sku": "SKU-437"}, {"location": "BLOCK-2-R-5-S-1", "sku": "SKU-724"}, {"location": "BLOCK-1-R-1-S-8", "sku": "SKU-380"}], "order_id": "04cb130c-affc-4c2c-8873-6d0ab682987f", "status": "CREATED", "timestamp": "2020-10-01 07:39:45.629671"}
{"items": [{"location": "BLOCK-3-R-7-S-8", "sku": "SKU-796"}], "order_id": "33fc8f2d-0f39-44a3-b27e-89142e954760", "status": "CREATED", "timestamp": "2020-10-01 07:40:45.609309"}
{"items": [{"location": "BLOCK-3-R-3-S-8", "sku": "SKU-491"}, {"location": "BLOCK-5-R-5-S-6", "sku": "SKU-458"}, {"location": "BLOCK-5-R-1-S-10", "sku": "SKU-224"}], "order_id": "0ffa9945-1758-406e-9a6a-0c88b8379d5a", "status": "CREATED", "timestamp": "2020-10-01 07:40:45.614901"}
{"items": [{"location": "BLOCK-2-R-7-S-2", "sku": "SKU-38"}], "order_id": "c8f018d8-b9f6-4236-8c47-7dbdc6f5b016", "status": "CREATED", "timestamp": "2020-10-01 07:40:45.627159"}
{"items": [{"location": "BLOCK-1-R-2-S-1", "sku": "SKU-939"}, {"location": "BLOCK-3-R-7-S-8", "sku": "SKU-789"}, {"location": "BLOCK-5-R-5-S-3", "sku": "SKU-796"}], "order_id": "88ad18b8-6352-4353-b091-5daad073a650", "status": "CREATED", "timestamp": "2020-10-01 07:41:45.619851"}
{"items": [{"location": "BLOCK-1-R-6-S-3", "sku": "SKU-803"}, {"location": "BLOCK-2-R-4-S-6", "sku": "SKU-17"}], "order_id": "64bb8b0c-d9f4-4c89-b561-829eb6f1d0af", "status": "CREATED", "timestamp": "2020-10-01 07:41:45.625869"}
{"items": [{"location": "BLOCK-4-R-4-S-9", "sku": "SKU-677"}], "order_id": "29fa3f9f-1aad-48aa-a487-34b91d96c779", "status": "CREATED", "timestamp": "2020-10-01 07:41:45.629182"}
{"items": [{"location": "BLOCK-2-R-6-S-2", "sku": "SKU-796"}], "order_id": "1802b806-56fc-4d94-9559-9307ff966ce3", "status": "CREATED", "timestamp": "2020-10-01 07:41:45.629806"}
{"items": [{"location": "BLOCK-2-R-2-S-3", "sku": "SKU-50"}, {"location": "BLOCK-1-R-7-S-1", "sku": "SKU-722"}, {"location": "BLOCK-2-R-7-S-5", "sku": "SKU-92"}], "order_id": "5bd7d00b-19ca-4a31-9c46-debc5eab8068", "status": "CREATED", "timestamp": "2020-10-01 07:41:45.633289"}
{"items": [{"location": "BLOCK-1-R-5-S-4", "sku": "SKU-601"}, {"location": "BLOCK-5-R-5-S-3", "sku": "SKU-294"}], "order_id": "29939b20-4450-46ad-941a-a22a58edf017", "status": "CREATED", "timestamp": "2020-10-01 07:42:45.607778"}
{"items": [{"location": "BLOCK-3-R-5-S-6", "sku": "SKU-881"}, {"location": "BLOCK-4-R-5-S-7", "sku": "SKU-776"}, {"location": "BLOCK-3-R-2-S-5", "sku": "SKU-108"}], "order_id": "ffbb6756-990f-4ae5-a8e3-aec5cb87aa2a", "status": "CREATED", "timestamp": "2020-10-01 07:42:45.629712"}
{"items": [{"location": "BLOCK-1-R-6-S-5", "sku": "SKU-936"}, {"location": "BLOCK-4-R-7-S-4", "sku": "SKU-746"}], "order_id": "e3d36318-e0b6-49de-8bc6-e7f9b059c647", "status": "CREATED", "timestamp": "2020-10-01 07:43:45.617152"}
{"items": [{"location": "BLOCK-5-R-4-S-10", "sku": "SKU-128"}, {"location": "BLOCK-3-R-7-S-5", "sku": "SKU-920"}, {"location": "BLOCK-3-R-3-S-1", "sku": "SKU-550"}], "order_id": "d580585f-90b7-438a-b2ec-922c88d95866", "status": "CREATED", "timestamp": "2020-10-01 07:44:45.611492"}
{"items": [{"location": "BLOCK-1-R-5-S-7", "sku": "SKU-349"}], "order_id": "a948f2d5-444a-40f3-b7f2-251b1a1e741c", "status": "CREATED", "timestamp": "2020-10-01 07:44:45.627909"}
{"items": [{"location": "BLOCK-2-R-4-S-3", "sku": "SKU-692"}], "order_id": "7254c1b9-d7a2-4b98-9afc-3b099142c5a4", "status": "CREATED", "timestamp": "2020-10-01 07:44:45.631297"}
{"items": [{"location": "BLOCK-1-R-1-S-6", "sku": "SKU-203"}, {"location": "BLOCK-3-R-4-S-1", "sku": "SKU-716"}], "order_id": "8a7e355a-1c31-4622-b059-c0b6353ec73c", "status": "CREATED", "timestamp": "2020-10-01 07:45:45.617059"}
{"items": [{"location": "BLOCK-2-R-3-S-6", "sku": "SKU-539"}, {"location": "BLOCK-5-R-5-S-10", "sku": "SKU-674"}, {"location": "BLOCK-2-R-6-S-7", "sku": "SKU-459"}], "order_id": "002d64d7-caea-49d0-9de5-65fac94f35bd", "status": "CREATED", "timestamp": "2020-10-01 07:46:45.622730"}
{"items": [{"location": "BLOCK-1-R-3-S-5", "sku": "SKU-390"}, {"location": "BLOCK-3-R-7-S-3", "sku": "SKU-492"}, {"location": "BLOCK-5-R-5-S-6", "sku": "SKU-703"}], "order_id": "2c852d97-4054-49e6-800d-7375d6758b84", "status": "CREATED", "timestamp": "2020-10-01 07:46:45.632385"}
{"items": [{"location": "BLOCK-2-R-2-S-8", "sku": "SKU-110"}, {"location": "BLOCK-1-R-4-S-6", "sku": "SKU-654"}, {"location": "BLOCK-4-R-4-S-8", "sku": "SKU-348"}], "order_id": "2ae75ce2-c009-4053-9e55-7a605ae4d342", "status": "CREATED", "timestamp": "2020-10-01 07:47:45.616188"}
{"items": [{"location": "BLOCK-5-R-5-S-7", "sku": "SKU-640"}, {"location": "BLOCK-5-R-2-S-5", "sku": "SKU-124"}, {"location": "BLOCK-2-R-2-S-3", "sku": "SKU-753"}], "order_id": "44a3c15e-8641-4334-be25-07d0aa66acb8", "status": "CREATED", "timestamp": "2020-10-01 07:47:45.619434"}
{"items": [{"location": "BLOCK-4-R-5-S-2", "sku": "SKU-118"}], "order_id": "aa47d8c4-ce0c-426d-86e6-5889129e68eb", "status": "CREATED", "timestamp": "2020-10-01 07:47:45.629149"}
{"items": [{"location": "BLOCK-2-R-6-S-5", "sku": "SKU-553"}, {"location": "BLOCK-2-R-1-S-6", "sku": "SKU-87"}, {"location": "BLOCK-3-R-3-S-2", "sku": "SKU-415"}], "order_id": "38f992fa-8fb9-4be7-8da0-d8a45a18fd22", "status": "CREATED", "timestamp": "2020-10-01 07:47:45.633750"}
{"items": [{"location": "BLOCK-3-R-5-S-3", "sku": "SKU-304"}, {"location": "BLOCK-3-R-3-S-7", "sku": "SKU-328"}, {"location": "BLOCK-5-R-1-S-1", "sku": "SKU-208"}], "order_id": "140fd3e4-7f57-4de6-b3e5-71f0ff4ba5c9", "status": "CREATED", "timestamp": "2020-10-01 07:48:45.629919"}
{"items": [{"location": "BLOCK-5-R-2-S-2", "sku": "SKU-673"}, {"location": "BLOCK-5-R-2-S-10", "sku": "SKU-265"}, {"location": "BLOCK-2-R-6-S-8", "sku": "SKU-743"}], "order_id": "510c8ecc-3bf3-49a1-b20f-b01f8e62113e", "status": "CREATED", "timestamp": "2020-10-01 07:48:45.633348"}
{"items": [{"location": "BLOCK-4-R-6-S-9", "sku": "SKU-637"}], "order_id": "1cf201e3-51c2-4b6f-8410-672c685ae81b", "status": "CREATED", "timestamp": "2020-10-01 07:49:45.613170"}
{"items": [{"location": "BLOCK-2-R-7-S-4", "sku": "SKU-405"}], "order_id": "01288c4e-9a3b-4830-bf47-cb5e0b6c62a6", "status": "CREATED", "timestamp": "2020-10-01 07:49:45.618558"}
{"items": [{"location": "BLOCK-5-R-4-S-2", "sku": "SKU-803"}, {"location": "BLOCK-5-R-4-S-4", "sku": "SKU-302"}], "order_id": "a3e9b2ac-82a6-4266-b36b-a23b34ca28ce", "status": "CREATED", "timestamp": "2020-10-01 07:49:45.621435"}
{"items": [{"location": "BLOCK-5-R-5-S-2", "sku": "SKU-241"}, {"location": "BLOCK-5-R-6-S-1", "sku": "SKU-447"}], "order_id": "49f2724b-c8e0-4681-b125-a58983f8b63f", "status": "CREATED", "timestamp": "2020-10-01 07:49:45.622545"}
{"items": [{"location": "BLOCK-2-R-6-S-6", "sku": "SKU-652"}, {"location": "BLOCK-4-R-2-S-3", "sku": "SKU-609"}, {"location": "BLOCK-3-R-2-S-1", "sku": "SKU-978"}], "order_id": "6dea9684-ddfd-485a-8d83-9e451be10f1b", "status": "CREATED", "timestamp": "2020-10-01 07:50:45.630130"}
{"items": [{"location": "BLOCK-4-R-7-S-3", "sku": "SKU-51"}, {"location": "BLOCK-2-R-1-S-6", "sku": "SKU-540"}], "order_id": "cfa33b84-7c1f-4e4b-9aa7-9c50c7cf2c94", "status": "CREATED", "timestamp": "2020-10-01 07:51:45.608618"}
{"items": [{"location": "BLOCK-1-R-2-S-3", "sku": "SKU-326"}], "order_id": "de2a7e24-4f9c-4b75-b24b-0d4fd32229a2", "status": "CREATED", "timestamp": "2020-10-01 07:51:45.609521"}
{"items": [{"location": "BLOCK-1-R-5-S-9", "sku": "SKU-684"}], "order_id": "a6fef4ef-8cbe-4ece-80c8-92586106ee80", "status": "CREATED", "timestamp": "2020-10-01 07:52:45.629741"}
{"items": [{"location": "BLOCK-4-R-7-S-1", "sku": "SKU-939"}, {"location": "BLOCK-1-R-2-S-3", "sku": "SKU-29"}], "order_id": "2ed089dd-3eca-4c8e-9e10-1cec306e7f79", "status": "CREATED", "timestamp": "2020-10-01 07:53:45.611165"}
{"items": [{"location": "BLOCK-3-R-3-S-8", "sku": "SKU-366"}], "order_id": "af5cafda-d7d5-4d87-8a2a-4e6b9bf9d25d", "status": "CREATED", "timestamp": "2020-10-01 07:53:45.631368"}
{"items": [{"location": "BLOCK-1-R-7-S-2", "sku": "SKU-610"}, {"location": "BLOCK-2-R-3-S-2", "sku": "SKU-144"}, {"location": "BLOCK-2-R-2-S-9", "sku": "SKU-984"}], "order_id": "3cf028c7-0fdb-40d3-ae2e-748e117f28e5", "status": "CREATED", "timestamp": "2020-10-01 07:54:45.627210"}
{"items": [{"location": "BLOCK-5-R-6-S-9", "sku": "SKU-505"}, {"location": "BLOCK-2-R-3-S-8", "sku": "SKU-917"}], "order_id": "f02a5a2e-4a9e-4632-bd41-d4f0419e333c", "status": "CREATED", "timestamp": "2020-10-01 07:54:45.632112"}
{"items": [{"location": "BLOCK-1-R-7-S-3", "sku": "SKU-401"}], "order_id": "d8f9eedb-3d69-4720-8cda-fbb701d7538f", "status": "CREATED", "timestamp": "2020-10-01 07:55:45.610275"}
{"items": [{"location": "BLOCK-3-R-4-S-2", "sku": "SKU-805"}], "order_id": "4ac06fb9-89f4-4ae3-981e-8eb44bb50a99", "status": "CREATED", "timestamp": "2020-10-01 07:55:45.613128"}
