{"items": [{"location": "BLOCK-4-R-6-S-6", "sku": "SKU-568"}, {"location": "BLOCK-4-R-7-S-6", "sku": "SKU-214"}, {"location": "BLOCK-4-R-6-S-5", "sku": "SKU-875"}], "order_id": "2d821475-ceeb-4659-b5fc-4bdb6474666c", "status": "CREATED", "timestamp": "2020-10-01 10:04:45.616749"}
{"items": [{"location": "BLOCK-2-R-5-S-2", "sku": "SKU-967"}, {"location": "BLOCK-5-R-7-S-8", "sku": "SKU-756"}], "order_id": "01b9c78f-3355-4fd2-99e9-a9b931b4d50f", "status": "CREATED", "timestamp": "2020-10-01 10:04:45.617845"}
{"items": [{"location": "BLOCK-1-R-5-S-7", "sku": "SKU-26"}], "order_id": "d0c8bf45-44f4-4ac4-8e32-d80f1e0a70d4", "status": "PROCESSING", "timestamp": "2020-10-01 10:04:45.618517"}
{"items": [{"location": "BLOCK-2-R-7-S-4", "sku": "SKU-405"}], "order_id": "01288c4e-9a3b-4830-bf47-cb5e0b6c62a6", "status": "SHIPPED", "timestamp": "2020-10-01 10:04:45.618558"}
{"items": [{"location": "BLOCK-5-R-4-S-2", "sku": "SKU-803"}, {"location": "BLOCK-5-R-4-S-4", "sku": "SKU-302"}], "order_id": "a3e9b2ac-82a6-4266-b36b-a23b34ca28ce", "status": "SHIPPED", "timestamp": "2020-10-01 10:04:45.621435"}
{"items": [{"location": "BLOCK-1-R-5-S-7", "sku": "SKU-349"}], "order_id": "a948f2d5-444a-40f3-b7f2-251b1a1e741c", "status": "SHIPPED", "timestamp": "2020-10-01 10:04:45.627909"}
{"items": [{"location": "BLOCK-4-R-1-S-7", "sku": "SKU-252"}, {"location": "BLOCK-3-R-3-S-5", "sku": "SKU-57"}], "order_id": "455b4f60-b1f2-441c-ab31-ef47d2215f4f", "status": "CREATED", "timestamp": "2020-10-01 10:04:45.628441"}
{"items": [{"location": "BLOCK-1-R-6-S-9", "sku": "SKU-799"}, {"location": "BLOCK-1-R-5-S-9", "sku": "SKU-758"}], "order_id": "635251da-7438-4ccf-b790-f2634b6848ef", "status": "PROCESSING", "timestamp": "2020-10-01 10:04:45.629008"}
{"items": [{"location": "BLOCK-5-R-5-S-9", "sku": "SKU-579"}], "order_id": "cfbb8606-49f0-4cb6-99c2-592eaf64c287", "status": "CREATED", "timestamp": "2020-10-01 10:04:45.632204"}
{"items": [{"location": "BLOCK-1-R-1-S-9", "sku": "SKU-768"}], "order_id": "140e55ed-3c12-432e-930a-aee91534d745", "status": "PROCESSING", "timestamp": "2020-10-01 10:05:45.608118"}
{"items": [{"location": "BLOCK-4-R-6-S-10", "sku": "SKU-967"}], "order_id": "8ad4ed86-814c-43fd-a83a-3b6f0d13f5bd", "status": "PROCESSING", "timestamp": "2020-10-01 10:05:45.609854"}
{"items": [{"location": "BLOCK-5-R-7-S-5", "sku": "SKU-311"}, {"location": "BLOCK-5-R-6-S-4", "sku": "SKU-659"}, {"location": "BLOCK-3-R-2-S-1", "sku": "SKU-859"}], "order_id": "6158dd38-7cd7-4ff8-b4d4-aa2d322e5671", "status": "SHIPPED", "timestamp": "2020-10-01 10:05:45.614333"}
{"items": [{"location": "BLOCK-1-R-6-S-8", "sku": "SKU-413"}, {"location": "BLOCK-4-R-3-S-7", "sku": "SKU-479"}], "order_id": "419df4a5-3d6d-466b-b2da-b19b6864e945", "status": "PROCESSING", "timestamp": "2020-10-01 10:05:45.615335"}
{"items": [{"location": "BLOCK-3-R-1-S-7", "sku": "SKU-394"}, {"location": "BLOCK-5-R-6-S-4", "sku": "SKU-754"}, {"location": "BLOCK-1-R-6-S-2", "sku": "SKU-708"}], "order_id": "025db6a2-d1a0-4f3d-8d91-f3c00f8236c4", "status": "SHIPPED", "timestamp": "2020-10-01 10:05:45.617952"}
{"items": [{"location": "BLOCK-2-R-4-S-9", "sku": "SKU-251"}], "order_id": "550fc575-e9cc-457e-96c6-49171edf14a2", "status": "PROCESSING", "timestamp": "2020-10-01 10:05:45.619154"}
{"items": [{"location": "BLOCK-1-R-3-S-6", "sku": "SKU-975"}, {"location": "BLOCK-3-R-7-S-3", "sku": "SKU-260"}, {"location": "BLOCK-4-R-1-S-7", "sku": "SKU-254"}], "order_id": "49436ca9-859b-4bda-af82-2c8114aaf68a", "status": "CREATED", "timestamp": "2020-10-01 10:05:45.620277"}
{"items": [{"location": "BLOCK-3-R-3-S-3", "sku": "SKU-176"}, {"location": "BLOCK-1-R-7-S-3", "sku": "SKU-378"}, {"location": "BLOCK-3-R-3-S-6", "sku": "SKU-214"}], "order_id": "c491c8a0-4199-4359-97b8-5bea1bcc2574", "status": "CREATED", "timestamp": "2020-10-01 10:05:45.621291"}
{"items": [{"location": "BLOCK-1-R-7-S-7", "sku": "SKU-635"}], "order_id": "c8e9127b-8ee1-4db9-97c5-b3b56a852bd4", "status": "CREATED", "timestamp": "2020-10-01 10:05:45.624726"}
{"items": [{"location": "BLOCK-4-R-2-S-2", "sku": "SKU-379"}, {"location": "BLOCK-1-R-2-S-3", "sku": "SKU-163"}, {"location": "BLOCK-2-R-2-S-8", "sku": "SKU-740"}], "order_id": "184ad72b-9a3e-4632-b122-b659a725c80e", "status": "PROCESSING", "timestamp": "2020-10-01 10:05:45.628230"}
{"items": [{"location": "BLOCK-5-R-6-S-9", "sku": "SKU-505"}, {"location": "BLOCK-2-R-3-S-8", "sku": "SKU-917"}], "order_id": "f02a5a2e-4a9e-4632-bd41-d4f0419e333c", "status": "SHIPPED", "timestamp": "2020-10-01 10:05:45.632112"}
{"items": [{"location": "BLOCK-5-R-4-S-9", "sku": "SKU-331"}, {"location": "BLOCK-2-R-1-S-8", "sku": "SKU-426"}], "order_id": "556b692e-cf58-42b0-a58d-9bee8470b5c7", "status": "CREATED", "timestamp": "2020-10-01 10:06:45.608796"}
{"items": [{"location": "BLOCK-3-R-6-S-3", "sku": "SKU-63"}, {"location": "BLOCK-4-R-3-S-5", "sku": "SKU-589"}, {"location": "BLOCK-1-R-6-S-8", "sku": "SKU-611"}], "order_id": "dc74ef3a-a09c-4ab8-adb8-28661dfe91c4", "status": "PROCESSING", "timestamp": "2020-10-01 10:06:45.613804"}
{"items": [{"location": "BLOCK-1-R-6-S-2", "sku": "SKU-686"}], "order_id": "f1ed5abd-dfe4-40a9-84de-3423756b97df", "status": "CREATED", "timestamp": "2020-10-01 10:06:45.613926"}
{"items": [{"location": "BLOCK-2-R-7-S-7", "sku": "SKU-973"}], "order_id": "6478d8ed-3e4c-423f-bebd-45abbbcf5479", "status": "SHIPPED", "timestamp": "2020-10-01 10:06:45.615770"}
{"items": [{"location": "BLOCK-5-R-2-S-2", "sku": "SKU-673"}, {"location": "BLOCK-5-R-2-S-10", "sku": "SKU-265"}, {"location": "BLOCK-2-R-6-S-8", "sku": "SKU-743"}], "order_id": "510c8ecc-3bf3-49a1-b20f-b01f8e62113e", "status": "SHIPPED", "timestamp": "2020-10-01 10:06:45.633348"}
{"items": [{"location": "BLOCK-5-R-2-S-4", "sku": "SKU-380"}, {"location": "BLOCK-2-R-3-S-10", "sku": "SKU-30"}, {"location": "BLOCK-4-R-3-S-5", "sku": "SKU-184"}], "order_id": "0d2da585-c3f2-4186-804d-da50a5ed5364", "status": "PROCESSING", "timestamp": "2020-10-01 10:07:45.607840"}
{"items": [{"location": "BLOCK-3-R-7-S-4", "sku": "SKU-105"}, {"location": "BLOCK-4-R-6-S-5", "sku": "SKU-225"}, {"location": "BLOCK-2-R-6-S-4", "sku": "SKU-878"}], "order_id": "d9562138-f9ca-42dd-8ee8-bddfcd7dcd49", "status": "SHIPPED", "timestamp": "2020-10-01 10:07:45.614189"}
{"items": [{"location": "BLOCK-1-R-6-S-3", "sku": "SKU-945"}], "order_id": "bb662eed-73fe-4891-8ad4-01eb8b530d0a", "status": "PROCESSING", "timestamp": "2020-10-01 10:07:45.619341"}
{"items": [{"location": "BLOCK-4-R-5-S-2", "sku": "SKU-118"}], "order_id": "aa47d8c4-ce0c-426d-86e6-5889129e68eb", "status": "SHIPPED", "timestamp": "2020-10-01 10:07:45.629149"}
{"items": [{"location": "BLOCK-2-R-2-S-2", "sku": "SKU-560"}], "order_id": "07705e3a-6641-4c69-8e2c-496ffb51d144", "status": "SHIPPED", "timestamp": "2020-10-01 10:07:45.629279"}
{"items": [{"location": "BLOCK-3-R-5-S-5", "sku": "SKU-923"}, {"location": "BLOCK-2-R-3-S-10", "sku": "SKU-820"}], "order_id": "561b784c-6f18-4716-b6d5-59eb810cdfe8", "status": "SHIPPED", "timestamp": "2020-10-01 10:07:45.629629"}
{"items": [{"location": "BLOCK-3-R-5-S-4", "sku": "SKU-371"}], "order_id": "e3a0d25b-55c1-4a93-a2e0-3ecef2cccb98", "status": "SHIPPED", "timestamp": "2020-10-01 10:07:45.630240"}
{"items": [{"location": "BLOCK-2-R-6-S-4", "sku": "SKU-857"}, {"location": "BLOCK-2-R-3-S-10", "sku": "SKU-724"}, {"location": "BLOCK-5-R-2-S-3", "sku": "SKU-249"}], "order_id": "da9b6e8a-763b-403a-9caf-e000f9a5b5e6", "status": "PROCESSING", "timestamp": "2020-10-01 10:07:45.631839"}
{"items": [{"location": "BLOCK-4-R-6-S-6", "sku": "SKU-621"}], "order_id": "f79d7020-554e-4a85-82d8-8df550c6ae37", "status": "PROCESSING", "timestamp": "2020-10-01 10:07:45.633647"}
{"items": [{"location": "BLOCK-2-R-6-S-8", "sku": "SKU-171"}], "order_id": "43ec73b5-aa18-423a-bfd1-1f95b0865a31", "status": "SHIPPED", "timestamp": "2020-10-01 10:08:45.621122"}
{"items": [{"location": "BLOCK-5-R-6-S-9", "sku": "SKU-517"}, {"location": "BLOCK-3-R-3-S-1", "sku": "SKU-392"}], "order_id": "567f8d4c-c149-439f-a4f4-8822aabc7e90", "status": "PROCESSING", "timestamp": "2020-10-01 10:08:45.626866"}
{"items": [{"location": "BLOCK-3-R-5-S-3", "sku": "SKU-304"}, {"location": "BLOCK-3-R-3-S-7", "sku": "SKU-328"}, {"location": "BLOCK-5-R-1-S-1", "sku": "SKU-208"}], "order_id": "140fd3e4-7f57-4de6-b3e5-71f0ff4ba5c9", "status": "SHIPPED", "timestamp": "2020-10-01 10:08:45.629919"}
{"items": [{"location": "BLOCK-5-R-6-S-6", "sku": "SKU-737"}, {"location": "BLOCK-4-R-6-S-9", "sku": "SKU-881"}, {"location": "BLOCK-3-R-6-S-7", "sku": "SKU-525"}], "order_id": "f78c464e-7cac-47f5-85c6-49dbea8a9833", "status": "PROCESSING", "timestamp": "2020-10-01 10:08:45.630633"}
{"items": [{"location": "BLOCK-5-R-7-S-8", "sku": "SKU-95"}, {"location": "BLOCK-2-R-3-S-9", "sku": "SKU-702"}, {"location": "BLOCK-2-R-1-S-1", "sku": "SKU-973"}], "order_id": "e88e4bb3-9b17-477e-824e-999e4c33831e", "status": "SHIPPED", "timestamp": "2020-10-01 10:09:45.610081"}
{"items": [{"location": "BLOCK-2-R-1-S-5", "sku": "SKU-206"}], "order_id": "0d1c4179-9094-43af-b635-1bb31ab82f98", "status": "PROCESSING", "timestamp": "2020-10-01 10:09:45.618212"}
