{"items": [{"location": "BLOCK-3-R-6-S-5", "sku": "SKU-782"}, {"location": "BLOCK-1-R-6-S-1", "sku": "SKU-76"}], "order_id": "2ab6ac22-4f7c-47a3-a8c6-a9036d49f53b", "status": "CREATED", "timestamp": "2020-10-01 10:20:45.615489"}
{"items": [{"location": "BLOCK-2-R-2-S-8", "sku": "SKU-643"}, {"location": "BLOCK-5-R-1-S-7", "sku": "SKU-937"}, {"location": "BLOCK-1-R-1-S-10", "sku": "SKU-808"}], "order_id": "f123b50e-5db9-40e8-87cf-446f957bae27", "status": "CREATED", "timestamp": "2020-10-01 10:20:45.617013"}
{"items": [{"location": "BLOCK-4-R-4-S-2", "sku": "SKU-673"}], "order_id": "211bcba3-b65f-47a8-8246-2c3dbf4ab071", "status": "CREATED", "timestamp": "2020-10-01 10:20:45.620328"}
{"items": [{"location": "BLOCK-5-R-1-S-1", "sku": "SKU-67"}, {"location": "BLOCK-1-R-6-S-7", "sku": "SKU-291"}], "order_id": "8e28207a-f4f2-43ec-9584-f6cf35ab3781", "status": "PROCESSING", "timestamp": "2020-10-01 10:20:45.626167"}
{"items": [{"location": "BLOCK-1-R-3-S-9", "sku": "SKU-574"}, {"location": "BLOCK-4-R-6-S-10", "sku": "SKU-740"}, {"location": "BLOCK-2-R-1-S-4", "sku": "SKU-225"}], "order_id": "88ee259e-59ac-4efd-b2bf-927306a88fdc", "status": "SHIPPED", "timestamp": "2020-10-01 10:20:45.629080"}
{"items": [{"location": "BLOCK-2-R-3-S-5", "sku": "SKU-534"}, {"location": "BLOCK-1-R-3-S-9", "sku": "SKU-548"}], "order_id": "91694dc7-b9ae-46a5-8a45-2fef741abf8d", "status": "SHIPPED", "timestamp": "2020-10-01 10:20:45.630211"}
{"items": [{"location": "BLOCK-5-R-4-S-4", "sku": "SKU-411"}], "order_id": "c6236888-e684-4eb3-8d7a-abb2e6c00419", "status": "CREATED", "timestamp": "2020-10-01 10:20:45.632499"}
{"items": [{"location": "BLOCK-2-R-5-S-5", "sku": "SKU-725"}], "order_id": "0c98a637-05c2-43f6-8884-4020c6e2e52d", "status": "PROCESSING", "timestamp": "2020-10-01 10:20:45.633602"}
{"items": [{"location": "BLOCK-4-R-1-S-4", "sku": "SKU-50"}, {"location": "BLOCK-4-R-6-S-6", "sku": "SKU-555"}], "order_id": "6cc80ee5-cfd0-4af9-be37-a51b3d7f063c", "status": "SHIPPED", "timestamp": "2020-10-01 10:21:45.615681"}
{"items": [{"location": "BLOCK-2-R-3-S-8", "sku": "SKU-396"}, {"location": "BLOCK-2-R-2-S-1", "sku": "SKU-326"}], "order_id": "9596337f-1c24-4dbf-90f1-8d7169cb4fe6", "status": "CREATED", "timestamp": "2020-10-01 10:21:45.616281"}
{"items": [{"location": "BLOCK-3-R-5-S-3", "sku": "SKU-220"}, {"location": "BLOCK-2-R-2-S-1", "sku": "SKU-276"}], "order_id": "8a3b6abb-a529-4018-8df9-b7ea1c388f4a", "status": "PROCESSING", "timestamp": "2020-10-01 10:21:45.622300"}
{"items": [{"location": "BLOCK-1-R-4-S-9", "sku": "SKU-66"}], "order_id": "567f8fd5-0168-4f4d-856c-c17c459db964", "status": "SHIPPED", "timestamp": "2020-10-01 10:21:45.624407"}
{"items": [{"location": "BLOCK-1-R-4-S-1", "sku": "SKU-555"}], "order_id": "b4c6c2a0-07b2-4fba-8fa0-4187c2e7c46c", "status": "PROCESSING", "timestamp": "2020-10-01 10:21:45.629878"}
{"items": [{"location": "BLOCK-4-R-5-S-4", "sku": "SKU-474"}, {"location": "BLOCK-3-R-4-S-4", "sku": "SKU-57"}, {"location": "BLOCK-2-R-6-S-9", "sku": "SKU-446"}], "order_id": "a5649a6f-393e-4203-b73c-9a890a110a35", "status": "PROCESSING", "timestamp": "2020-10-01 10:22:45.609646"}
{"items": [{"location": "BLOCK-3-R-7-S-10", "sku": "SKU-488"}], "order_id": "321c92e1-5ccd-4675-881b-cee6428a2c25", "status": "PROCESSING", "timestamp": "2020-10-01 10:22:45.616095"}
{"items": [{"location": "BLOCK-2-R-4-S-3", "sku": "SKU-677"}], "order_id": "9f21c5ab-7f5f-4df8-8537-2b2850891d5d", "status": "CREATED", "timestamp": "2020-10-01 10:22:45.618123"}
{"items": [{"location": "BLOCK-4-R-2-S-3", "sku": "SKU-700"}, {"location": "BLOCK-2-R-4-S-2", "sku": "SKU-664"}, {"location": "BLOCK-2-R-5-S-3", "sku": "SKU-393"}], "order_id": "15927f5b-de99-4e93-97dd-ad862adc4381", "status": "PROCESSING", "timestamp": "2020-10-01 10:22:45.620423"}
{"items": [{"location": "BLOCK-1-R-5-S-10", "sku": "SKU-369"}, {"location": "BLOCK-5-R-1-S-5", "sku": "SKU-349"}], "order_id": "1459da43-6371-478b-bb3f-c3cfac4c7a0c", "status": "CREATED", "timestamp": "2020-10-01 10:22:45.622498"}
{"items": [{"location": "BLOCK-1-R-6-S-10", "sku": "SKU-79"}, {"location": "BLOCK-1-R-2-S-9", "sku": "SKU-711"}, {"location": "BLOCK-2-R-7-S-7", "sku": "SKU-898"}], "order_id": "035ba5d1-948b-41db-8ddd-aec54d285320", "status": "PROCESSING", "timestamp": "2020-10-01 10:22:45.626573"}
{"items": [{"location": "BLOCK-1-R-1-S-2", "sku": "SKU-886"}, {"location": "BLOCK-1-R-2-S-5", "sku": "SKU-69"}], "order_id": "f95cfa91-cbd5-46c5-8f58-d9e1584cc007", "status": "PROCESSING", "timestamp": "2020-10-01 10:22:45.627082"}
{"items": [{"location": "BLOCK-4-R-1-S-1", "sku": "SKU-154"}, {"location": "BLOCK-3-R-3-S-8", "sku": "SKU-480"}], "order_id": "2ce8c114-3cd8-456f-8ee1-1dc3afb31041", "status": "PROCESSING", "timestamp": "2020-10-01 10:22:45.631756"}
{"items": [{"location": "BLOCK-5-R-7-S-4", "sku": "SKU-255"}, {"location": "BLOCK-1-R-3-S-2", "sku": "SKU-196"}, {"location": "BLOCK-2-R-2-S-7", "sku": "SKU-637"}], "order_id": "3376f41b-281c-4db5-a41b-f8c0f31e1e17", "status": "CREATED", "timestamp": "2020-10-01 10:23:45.612497"}
{"items": [{"location": "BLOCK-4-R-5-S-1", "sku": "SKU-59"}, {"location": "BLOCK-4-R-6-S-7", "sku": "SKU-658"}, {"location": "BLOCK-2-R-3-S-8", "sku": "SKU-582"}], "order_id": "b703ebaa-2c08-4461-becc-c53053ce4e1a", "status": "SHIPPED", "timestamp": "2020-10-01 10:23:45.626272"}
{"items": [{"location": "BLOCK-1-R-4-S-4", "sku": "SKU-578"}, {"location": "BLOCK-5-R-3-S-9", "sku": "SKU-420"}, {"location": "BLOCK-3-R-7-S-2", "sku": "SKU-144"}], "order_id": "4ae564b8-57ce-4aa1-9967-bdaba42a5db5", "status": "CREATED", "timestamp": "2020-10-01 10:23:45.627981"}
{"items": [{"location": "BLOCK-1-R-5-S-5", "sku": "SKU-123"}, {"location": "BLOCK-3-R-2-S-4", "sku": "SKU-500"}, {"location": "BLOCK-2-R-7-S-4", "sku": "SKU-404"}], "order_id": "e844061b-f112-4563-bbe4-d5a47564de8a", "status": "PROCESSING", "timestamp": "2020-10-01 10:23:45.629120"}
{"items": [{"location": "BLOCK-5-R-1-S-1", "sku": "SKU-976"}, {"location": "BLOCK-4-R-3-S-10", "sku": "SKU-912"}, {"location": "BLOCK-4-R-6-S-10", "sku": "SKU-659"}], "order_id": "b098e703-283f-4436-9948-d9418a4f4a92", "status": "CREATED", "timestamp": "2020-10-01 10:24:45.607661"}
{"items": [{"location": "BLOCK-2-R-2-S-4", "sku": "SKU-845"}], "order_id": "3586fcd8-172d-4572-b46e-9f4d441f4758", "status": "SHIPPED", "timestamp": "2020-10-01 10:24:45.615162"}
{"items": [{"location": "BLOCK-3-R-5-S-2", "sku": "SKU-740"}, {"location": "BLOCK-3-R-5-S-10", "sku": "SKU-876"}, {"location": "BLOCK-4-R-3-S-3", "sku": "SKU-360"}], "order_id": "5e7fe1df-c5c4-469e-9553-17f44e86cb96", "status": "CREATED", "timestamp": "2020-10-01 10:24:45.615917"}
{"items": [{"location": "BLOCK-4-R-7-S-1", "sku": "SKU-940"}], "order_id": "a312561c-c41b-461b-81e5-b8e3c5b23261", "status": "PROCESSING", "timestamp": "2020-10-01 10:24:45.618301"}
{"items": [{"location": "BLOCK-4-R-5-S-5", "sku": "SKU-617"}], "order_id": "551e11df-b883-471f-b849-b109f98b1f9f", "status": "PROCESSING", "timestamp": "2020-10-01 10:24:45.619074"}
{"items": [{"location": "BLOCK-1-R-3-S-1", "sku": "SKU-955"}, {"location": "BLOCK-3-R-4-S-6", "sku": "SKU-54"}, {"location": "BLOCK-2-R-2-S-3", "sku": "SKU-34"}], "order_id": "806dc911-08bf-4eca-af55-e7e81f8f3333", "status": "CREATED", "timestamp": "2020-10-01 10:24:45.626085"}
{"items": [{"location": "BLOCK-1-R-3-S-4", "sku": "SKU-548"}, {"location": "BLOCK-1-R-6-S-7", "sku": "SKU-649"}, {"location": "BLOCK-4-R-4-S-1", "sku": "SKU-356"}], "order_id": "014d7340-2c11-4265-a643-99e70833f5b7", "status": "SHIPPED", "timestamp": "2020-10-01 10:24:45.627580"}
{"items": [{"location": "BLOCK-1-R-5-S-8", "sku": "SKU-66"}, {"location": "BLOCK-4-R-6-S-9", "sku": "SKU-524"}], "order_id": "d4aa62dd-bd84-4a2f-a1f9-16314428982e", "status": "SHIPPED", "timestamp": "2020-10-01 10:24:45.629365"}
{"items": [{"location": "BLOCK-2-R-5-S-3", "sku": "SKU-608"}], "order_id": "02ce5beb-ea47-4c74-b772-0a71a920e3b8", "status": "PROCESSING", "timestamp": "2020-10-01 10:24:45.631175"}
{"items": [{"location": "BLOCK-1-R-6-S-3", "sku": "SKU-828"}, {"location": "BLOCK-1-R-5-S-1", "sku": "SKU-80"}], "order_id": "6e5d44de-7b45-4feb-a61c-b92e2dfc5e4e", "status": "CREATED", "timestamp": "2020-10-01 10:25:45.616234"}
{"items": [{"location": "BLOCK-2-R-6-S-7", "sku": "SKU-579"}, {"location": "BLOCK-2-R-4-S-8", "sku": "SKU-135"}, {"location": "BLOCK-3-R-5-S-10", "sku": "SKU-672"}], "order_id": "481467a3-4610-4916-8c70-1509411469d3", "status": "SHIPPED", "timestamp": "2020-10-01 10:25:45.617586"}
{"items": [{"location": "BLOCK-5-R-3-S-9", "sku": "SKU-517"}], "order_id": "68ed2db9-47ca-4357-ae66-53d518732c4a", "status": "PROCESSING", "timestamp": "2020-10-01 10:25:45.633186"}
{"items": [{"location": "BLOCK-5-R-6-S-6", "sku": "SKU-27"}, {"location": "BLOCK-2-R-5-S-1", "sku": "SKU-85"}, {"location": "BLOCK-3-R-5-S-9", "sku": "SKU-223"}], "order_id": "36eadd8a-e0f4-42bf-9cb0-3f53a3c77e1c", "status": "CREATED", "timestamp": "2020-10-01 10:26:45.607445"}
{"items": [{"location": "BLOCK-2-R-6-S-3", "sku": "SKU-357"}], "order_id": "a58ac297-32ce-4488-a029-e520380685d1", "status": "CREATED", "timestamp": "2020-10-01 10:26:45.608567"}
{"items": [{"location": "BLOCK-4-R-6-S-9", "sku": "SKU-455"}, {"location": "BLOCK-2-R-3-S-6", "sku": "SKU-934"}, {"location": "BLOCK-2-R-7-S-2", "sku": "SKU-955"}], "order_id": "cb68dfd2-ac73-43ee-9c4d-284532250f54", "status": "CREATED", "timestamp": "2020-10-01 10:26:45.610360"}
