{"items": [{"location": "BLOCK-1-R-2-S-7", "sku": "SKU-434"}, {"location": "BLOCK-5-R-7-S-9", "sku": "SKU-482"}], "order_id": "64d5ca40-1c41-4214-8b0f-f146b43c18f7", "status": "CREATED", "timestamp": "2020-10-01 09:58:45.619507"}
{"items": [{"location": "BLOCK-4-R-5-S-1", "sku": "SKU-448"}], "order_id": "c8375b35-9d49-4879-909e-2b8c225a52e8", "status": "CREATED", "timestamp": "2020-10-01 09:58:45.619714"}
{"items": [{"location": "BLOCK-1-R-5-S-9", "sku": "SKU-684"}], "order_id": "a6fef4ef-8cbe-4ece-80c8-92586106ee80", "status": "SHIPPED", "timestamp": "2020-10-01 09:58:45.629741"}
{"items": [{"location": "BLOCK-1-R-1-S-2", "sku": "SKU-690"}], "order_id": "e508926c-2214-447c-8158-d32bc104a3cf", "status": "PROCESSING", "timestamp": "2020-10-01 09:59:45.612993"}
{"items": [{"location": "BLOCK-3-R-5-S-4", "sku": "SKU-772"}, {"location": "BLOCK-4-R-7-S-6", "sku": "SKU-426"}], "order_id": "6387d61d-2fef-4f5b-b4cd-d5e2d21243ed", "status": "PROCESSING", "timestamp": "2020-10-01 09:59:45.617894"}
{"items": [{"location": "BLOCK-5-R-5-S-2", "sku": "SKU-241"}, {"location": "BLOCK-5-R-6-S-1", "sku": "SKU-447"}], "order_id": "49f2724b-c8e0-4681-b125-a58983f8b63f", "status": "SHIPPED", "timestamp": "2020-10-01 09:59:45.622545"}
{"items": [{"location": "BLOCK-2-R-2-S-8", "sku": "SKU-448"}], "order_id": "f378a927-4e91-4acc-92f7-5c301891f903", "status": "PROCESSING", "timestamp": "2020-10-01 09:59:45.631682"}
{"items": [{"location": "BLOCK-2-R-4-S-2", "sku": "SKU-837"}, {"location": "BLOCK-3-R-6-S-10", "sku": "SKU-795"}, {"location": "BLOCK-4-R-5-S-5", "sku": "SKU-106"}], "order_id": "c5218918-328e-4b1f-b1fc-1b934c995d95", "status": "CREATED", "timestamp": "2020-10-01 10:00:45.615070"}
{"items": [{"location": "BLOCK-1-R-6-S-8", "sku": "SKU-280"}, {"location": "BLOCK-5-R-1-S-1", "sku": "SKU-719"}, {"location": "BLOCK-4-R-2-S-6", "sku": "SKU-273"}], "order_id": "69f2f3e5-21e0-41fb-854b-5276c078dedf", "status": "CREATED", "timestamp": "2020-10-01 10:00:45.620780"}
{"items": [{"location": "BLOCK-4-R-2-S-6", "sku": "SKU-875"}, {"location": "BLOCK-1-R-2-S-10", "sku": "SKU-404"}], "order_id": "6467e99e-fb33-4a25-a582-10d4a5974204", "status": "CREATED", "timestamp": "2020-10-01 10:00:45.620962"}
{"items": [{"location": "BLOCK-2-R-3-S-6", "sku": "SKU-539"}, {"location": "BLOCK-5-R-5-S-10", "sku": "SKU-674"}, {"location": "BLOCK-2-R-6-S-7", "sku": "SKU-459"}], "order_id": "002d64d7-caea-49d0-9de5-65fac94f35bd", "status": "SHIPPED", "timestamp": "2020-10-01 10:00:45.622730"}
{"items": [{"location": "BLOCK-1-R-7-S-9", "sku": "SKU-886"}, {"location": "BLOCK-4-R-6-S-1", "sku": "SKU-345"}], "order_id": "54462dc1-ca7c-44e0-9f29-e865d5a72f51", "status": "PROCESSING", "timestamp": "2020-10-01 10:00:45.622821"}
{"items": [{"location": "BLOCK-1-R-6-S-3", "sku": "SKU-803"}, {"location": "BLOCK-2-R-4-S-6", "sku": "SKU-17"}], "order_id": "64bb8b0c-d9f4-4c89-b561-829eb6f1d0af", "status": "SHIPPED", "timestamp": "2020-10-01 10:00:45.625869"}
{"items": [{"location": "BLOCK-3-R-5-S-8", "sku": "SKU-751"}, {"location": "BLOCK-4-R-2-S-7", "sku": "SKU-254"}], "order_id": "8fad0725-dbd0-445c-933f-5bcec5b664bb", "status": "PROCESSING", "timestamp": "2020-10-01 10:00:45.628551"}
{"items": [{"location": "BLOCK-2-R-4-S-7", "sku": "SKU-75"}, {"location": "BLOCK-4-R-2-S-10", "sku": "SKU-793"}], "order_id": "cfb90abd-45f4-4395-a0a3-b63e9e2aa47c", "status": "PROCESSING", "timestamp": "2020-10-01 10:00:45.628684"}
{"items": [{"location": "BLOCK-4-R-4-S-9", "sku": "SKU-677"}], "order_id": "29fa3f9f-1aad-48aa-a487-34b91d96c779", "status": "SHIPPED", "timestamp": "2020-10-01 10:00:45.629182"}
{"items": [{"location": "BLOCK-2-R-1-S-8", "sku": "SKU-794"}, {"location": "BLOCK-1-R-5-S-3", "sku": "SKU-842"}, {"location": "BLOCK-4-R-3-S-6", "sku": "SKU-835"}], "order_id": "c66d2850-7579-4560-bc3f-892817866e86", "status": "PROCESSING", "timestamp": "2020-10-01 10:00:45.629232"}
{"items": [{"location": "BLOCK-2-R-3-S-10", "sku": "SKU-963"}], "order_id": "2eda51d2-901f-4ef6-b69d-36dc5a7c6236", "status": "PROCESSING", "timestamp": "2020-10-01 10:01:45.610427"}
{"items": [{"location": "BLOCK-1-R-2-S-7", "sku": "SKU-236"}, {"location": "BLOCK-1-R-4-S-10", "sku": "SKU-188"}, {"location": "BLOCK-3-R-5-S-1", "sku": "SKU-395"}], "order_id": "6c12c63b-dfd6-4040-9a78-76a6253fcc55", "status": "CREATED", "timestamp": "2020-10-01 10:01:45.620521"}
{"items": [{"location": "BLOCK-1-R-7-S-5", "sku": "SKU-104"}, {"location": "BLOCK-4-R-4-S-6", "sku": "SKU-653"}], "order_id": "b60bbba3-a665-4c26-9110-ff939ae8df8e", "status": "CREATED", "timestamp": "2020-10-01 10:01:45.627707"}
{"items": [{"location": "BLOCK-2-R-2-S-3", "sku": "SKU-50"}, {"location": "BLOCK-1-R-7-S-1", "sku": "SKU-722"}, {"location": "BLOCK-2-R-7-S-5", "sku": "SKU-92"}], "order_id": "5bd7d00b-19ca-4a31-9c46-debc5eab8068", "status": "SHIPPED", "timestamp": "2020-10-01 10:01:45.633289"}
{"items": [{"location": "BLOCK-3-R-1-S-8", "sku": "SKU-877"}, {"location": "BLOCK-2-R-3-S-3", "sku": "SKU-293"}, {"location": "BLOCK-4-R-7-S-1", "sku": "SKU-397"}], "order_id": "a233f14e-fd8a-4d5c-8558-63ac11a2ab16", "status": "PROCESSING", "timestamp": "2020-10-01 10:02:45.608176"}
{"items": [{"location": "BLOCK-5-R-2-S-7", "sku": "SKU-689"}], "order_id": "c5fe295d-dfb5-4740-ad43-0a12da180e52", "status": "PROCESSING", "timestamp": "2020-10-01 10:02:45.608217"}
{"items": [{"location": "BLOCK-3-R-3-S-9", "sku": "SKU-607"}, {"location": "BLOCK-1-R-6-S-6", "sku": "SKU-786"}], "order_id": "bdbc9741-2a70-4a48-93a6-2b3089c0275f", "status": "CREATED", "timestamp": "2020-10-01 10:02:45.616639"}
{"items": [{"location": "BLOCK-5-R-5-S-4", "sku": "SKU-791"}, {"location": "BLOCK-1-R-6-S-7", "sku": "SKU-238"}, {"location": "BLOCK-5-R-1-S-6", "sku": "SKU-591"}], "order_id": "31f7f4a6-ae56-4993-8388-bba178853756", "status": "CREATED", "timestamp": "2020-10-01 10:02:45.620071"}
{"items": [{"location": "BLOCK-4-R-7-S-7", "sku": "SKU-679"}, {"location": "BLOCK-4-R-4-S-8", "sku": "SKU-304"}], "order_id": "94635635-bebe-4bbb-9791-e1cf891f0b4c", "status": "CREATED", "timestamp": "2020-10-01 10:02:45.627124"}
{"items": [{"location": "BLOCK-1-R-1-S-5", "sku": "SKU-495"}], "order_id": "89060a95-251d-4789-aad1-920b1d9e5230", "status": "SHIPPED", "timestamp": "2020-10-01 10:02:45.627649"}
{"items": [{"location": "BLOCK-2-R-4-S-9", "sku": "SKU-198"}, {"location": "BLOCK-3-R-5-S-8", "sku": "SKU-232"}, {"location": "BLOCK-5-R-1-S-1", "sku": "SKU-852"}], "order_id": "6c6b7b85-eb0f-42d2-ae6d-c9be17072c12", "status": "CREATED", "timestamp": "2020-10-01 10:02:45.630005"}
{"items": [{"location": "BLOCK-1-R-7-S-1", "sku": "SKU-971"}, {"location": "BLOCK-2-R-1-S-2", "sku": "SKU-92"}], "order_id": "3a25f835-f30b-4647-a3e0-b45df4ecfcc3", "status": "CREATED", "timestamp": "2020-10-01 10:02:45.630463"}
{"items": [{"location": "BLOCK-3-R-6-S-7", "sku": "SKU-427"}], "order_id": "44d3ce70-1c6c-45e8-9049-2b7669e84939", "status": "CREATED", "timestamp": "2020-10-01 10:02:45.632568"}
{"items": [{"location": "BLOCK-2-R-5-S-1", "sku": "SKU-370"}], "order_id": "01f87ac5-8cd3-421f-9f35-3aa562902671", "status": "CREATED", "timestamp": "2020-10-01 10:03:45.609805"}
{"items": [{"location": "BLOCK-5-R-2-S-9", "sku": "SKU-694"}, {"location": "BLOCK-4-R-1-S-1", "sku": "SKU-888"}, {"location": "BLOCK-5-R-1-S-2", "sku": "SKU-776"}], "order_id": "c83fcf75-e487-445e-84f8-5a7c38689a0f", "status": "PROCESSING", "timestamp": "2020-10-01 10:03:45.612865"}
{"items": [{"location": "BLOCK-1-R-5-S-9", "sku": "SKU-188"}, {"location": "BLOCK-3-R-3-S-5", "sku": "SKU-396"}], "order_id": "6c59bf07-c119-49b4-b485-b15a8a10eee5", "status": "CREATED", "timestamp": "2020-10-01 10:03:45.622678"}
{"items": [{"location": "BLOCK-5-R-4-S-4", "sku": "SKU-53"}, {"location": "BLOCK-1-R-5-S-10", "sku": "SKU-195"}], "order_id": "6ae43f6a-f318-445f-bc6f-62e7034c09d9", "status": "PROCESSING", "timestamp": "2020-10-01 10:03:45.630040"}
{"items": [{"location": "BLOCK-3-R-3-S-3", "sku": "SKU-923"}], "order_id": "7621bc11-54b5-4037-bcb1-e2df7a1be126", "status": "PROCESSING", "timestamp": "2020-10-01 10:03:45.632141"}
{"items": [{"location": "BLOCK-1-R-3-S-5", "sku": "SKU-390"}, {"location": "BLOCK-3-R-7-S-3", "sku": "SKU-492"}, {"location": "BLOCK-5-R-5-S-6", "sku": "SKU-703"}], "order_id": "2c852d97-4054-49e6-800d-7375d6758b84", "status": "SHIPPED", "timestamp": "2020-10-01 10:03:45.632385"}
{"items": [{"location": "BLOCK-1-R-1-S-8", "sku": "SKU-448"}], "order_id": "2c6f1cf5-7e2d-4395-8760-1235c38f8ddc", "status": "PROCESSING", "timestamp": "2020-10-01 10:03:45.633120"}
{"items": [{"location": "BLOCK-1-R-5-S-8", "sku": "SKU-590"}, {"location": "BLOCK-5-R-5-S-5", "sku": "SKU-409"}], "order_id": "7681ea25-c1bf-4bf3-bfc5-2b9a373e8283", "status": "SHIPPED", "timestamp": "2020-10-01 10:04:45.608033"}
{"items": [{"location": "BLOCK-4-R-6-S-9", "sku": "SKU-637"}], "order_id": "1cf201e3-51c2-4b6f-8410-672c685ae81b", "status": "SHIPPED", "timestamp": "2020-10-01 10:04:45.613170"}
{"items": [{"location": "BLOCK-4-R-1-S-10", "sku": "SKU-893"}, {"location": "BLOCK-3-R-4-S-7", "sku": "SKU-408"}], "order_id": "37154447-d064-4a63-bcf2-3e969d677a61", "status": "CREATED", "timestamp": "2020-10-01 10:04:45.615583"}
