{"items": [{"location": "BLOCK-3-R-5-S-8", "sku": "SKU-819"}, {"location": "BLOCK-1-R-3-S-2", "sku": "SKU-897"}], "order_id": "2cac18c5-6de5-4b2a-8f0e-81f87c54a0ea", "status": "SHIPPED", "timestamp": "2020-10-01 10:50:45.618347"}
{"items": [{"location": "BLOCK-5-R-2-S-4", "sku": "SKU-754"}, {"location": "BLOCK-2-R-2-S-7", "sku": "SKU-833"}, {"location": "BLOCK-1-R-6-S-6", "sku": "SKU-667"}], "order_id": "52d3587b-96f2-4e17-a41b-230cee23e97c", "status": "SHIPPED", "timestamp": "2020-10-01 10:50:45.627866"}
{"items": [{"location": "BLOCK-5-R-5-S-1", "sku": "SKU-646"}, {"location": "BLOCK-2-R-1-S-7", "sku": "SKU-404"}], "order_id": "fbfea445-9833-4781-8231-201b68da47aa", "status": "SHIPPED", "timestamp": "2020-10-01 10:51:45.609416"}
{"items": [{"location": "BLOCK-2-R-6-S-9", "sku": "SKU-973"}], "order_id": "9a8c6211-1e84-4b5a-886e-4155e9777b10", "status": "SHIPPED", "timestamp": "2020-10-01 10:51:45.614454"}
{"items": [{"location": "BLOCK-5-R-3-S-4", "sku": "SKU-478"}, {"location": "BLOCK-2-R-5-S-9", "sku": "SKU-817"}, {"location": "BLOCK-4-R-4-S-8", "sku": "SKU-642"}], "order_id": "f4c22f82-8714-430a-836d-8bc1a456394d", "status": "PROCESSING", "timestamp": "2020-10-01 10:51:45.616489"}
{"items": [{"location": "BLOCK-4-R-5-S-1", "sku": "SKU-448"}], "order_id": "c8375b35-9d49-4879-909e-2b8c225a52e8", "status": "PROCESSING", "timestamp": "2020-10-01 10:51:45.619714"}
{"items": [{"location": "BLOCK-2-R-6-S-6", "sku": "SKU-756"}], "order_id": "22df55e9-9ae8-466c-b132-0d5000507d49", "status": "SHIPPED", "timestamp": "2020-10-01 10:51:45.623016"}
{"items": [{"location": "BLOCK-5-R-5-S-1", "sku": "SKU-697"}, {"location": "BLOCK-1-R-2-S-1", "sku": "SKU-713"}], "order_id": "29846ea1-1830-4b36-82ec-74941cbd8f63", "status": "SHIPPED", "timestamp": "2020-10-01 10:51:45.625437"}
{"items": [{"location": "BLOCK-2-R-1-S-8", "sku": "SKU-220"}, {"location": "BLOCK-4-R-2-S-1", "sku": "SKU-48"}], "order_id": "bd24ab42-aa78-467f-b9c1-b3983f34a086", "status": "SHIPPED", "timestamp": "2020-10-01 10:51:45.629404"}
{"items": [{"location": "BLOCK-3-R-5-S-9", "sku": "SKU-277"}], "order_id": "83aa68be-b8dd-4a19-b8fe-9e8b773ccbe4", "status": "PROCESSING", "timestamp": "2020-10-01 10:52:45.629456"}
{"items": [{"location": "BLOCK-4-R-1-S-7", "sku": "SKU-769"}], "order_id": "eb2e9751-3033-4937-a4f6-dd137a7e4286", "status": "SHIPPED", "timestamp": "2020-10-01 10:53:45.607514"}
{"items": [{"location": "BLOCK-4-R-6-S-9", "sku": "SKU-371"}, {"location": "BLOCK-5-R-1-S-4", "sku": "SKU-409"}], "order_id": "b202d9fc-b0a4-4b5a-be31-3dacd4b09fbf", "status": "SHIPPED", "timestamp": "2020-10-01 10:53:45.612950"}
{"items": [{"location": "BLOCK-5-R-3-S-6", "sku": "SKU-324"}], "order_id": "8a3e31dc-c46e-4c3f-994f-3210c4f012c4", "status": "PROCESSING", "timestamp": "2020-10-01 10:53:45.614846"}
{"items": [{"location": "BLOCK-2-R-6-S-4", "sku": "SKU-395"}, {"location": "BLOCK-5-R-3-S-3", "sku": "SKU-79"}, {"location": "BLOCK-2-R-7-S-2", "sku": "SKU-778"}], "order_id": "230d8e4a-5d5a-416f-a819-c70c3967379a", "status": "SHIPPED", "timestamp": "2020-10-01 10:53:45.614957"}
{"items": [{"location": "BLOCK-1-R-2-S-7", "sku": "SKU-236"}, {"location": "BLOCK-1-R-4-S-10", "sku": "SKU-188"}, {"location": "BLOCK-3-R-5-S-1", "sku": "SKU-395"}], "order_id": "6c12c63b-dfd6-4040-9a78-76a6253fcc55", "status": "PROCESSING", "timestamp": "2020-10-01 10:53:45.620521"}
{"items": [{"location": "BLOCK-2-R-5-S-8", "sku": "SKU-785"}], "order_id": "eda3469d-e2b1-469e-afd9-0f74dcba0ecd", "status": "SHIPPED", "timestamp": "2020-10-01 10:53:45.622452"}
{"items": [{"location": "BLOCK-2-R-5-S-10", "sku": "SKU-996"}, {"location": "BLOCK-5-R-3-S-10", "sku": "SKU-127"}], "order_id": "4663213f-7c4c-469a-9484-b116b2b16874", "status": "SHIPPED", "timestamp": "2020-10-01 10:53:45.626010"}
{"items": [{"location": "BLOCK-4-R-4-S-9", "sku": "SKU-200"}, {"location": "BLOCK-4-R-5-S-7", "sku": "SKU-333"}, {"location": "BLOCK-4-R-5-S-1", "sku": "SKU-399"}], "order_id": "6fd39a58-2268-45fb-91c7-21f0552c6126", "status": "SHIPPED", "timestamp": "2020-10-01 10:53:45.628065"}
{"items": [{"location": "BLOCK-4-R-3-S-10", "sku": "SKU-65"}, {"location": "BLOCK-2-R-7-S-10", "sku": "SKU-360"}], "order_id": "83682606-dd7b-4e16-8a88-3ca6031911bc", "status": "SHIPPED", "timestamp": "2020-10-01 10:54:45.628500"}
{"items": [{"location": "BLOCK-3-R-2-S-4", "sku": "SKU-688"}, {"location": "BLOCK-2-R-5-S-6", "sku": "SKU-929"}], "order_id": "2b646671-eb58-4877-bbb1-3c76538641e6", "status": "SHIPPED", "timestamp": "2020-10-01 10:54:45.628933"}
{"items": [{"location": "BLOCK-4-R-5-S-8", "sku": "SKU-91"}], "order_id": "769ea8de-5169-4ce5-b258-338e46158fcc", "status": "SHIPPED", "timestamp": "2020-10-01 10:55:45.608258"}
{"items": [{"location": "BLOCK-4-R-4-S-3", "sku": "SKU-827"}], "order_id": "2394d6c9-b476-4d99-b84f-3832eff042cb", "status": "PROCESSING", "timestamp": "2020-10-01 10:55:45.613436"}
{"items": [{"location": "BLOCK-2-R-6-S-2", "sku": "SKU-116"}, {"location": "BLOCK-1-R-5-S-6", "sku": "SKU-766"}, {"location": "BLOCK-1-R-6-S-3", "sku": "SKU-236"}], "order_id": "6f70dac8-c281-461d-94b4-7a0155bb04cf", "status": "PROCESSING", "timestamp": "2020-10-01 10:55:45.627440"}
{"items": [{"location": "BLOCK-3-R-1-S-7", "sku": "SKU-768"}, {"location": "BLOCK-2-R-6-S-7", "sku": "SKU-284"}], "order_id": "648bcf00-1a94-4e66-8326-862c5f26f1f7", "status": "PROCESSING", "timestamp": "2020-10-01 10:56:45.618479"}
{"items": [{"location": "BLOCK-4-R-3-S-1", "sku": "SKU-198"}, {"location": "BLOCK-3-R-5-S-6", "sku": "SKU-675"}], "order_id": "8e0de10a-9f68-4054-a9dc-00301f1b98ce", "status": "SHIPPED", "timestamp": "2020-10-01 10:56:45.619192"}
{"items": [{"location": "BLOCK-5-R-5-S-4", "sku": "SKU-791"}, {"location": "BLOCK-1-R-6-S-7", "sku": "SKU-238"}, {"location": "BLOCK-5-R-1-S-6", "sku": "SKU-591"}], "order_id": "31f7f4a6-ae56-4993-8388-bba178853756", "status": "PROCESSING", "timestamp": "2020-10-01 10:56:45.620071"}
{"items": [{"location": "BLOCK-3-R-3-S-3", "sku": "SKU-176"}, {"location": "BLOCK-1-R-7-S-3", "sku": "SKU-378"}, {"location": "BLOCK-3-R-3-S-6", "sku": "SKU-214"}], "order_id": "c491c8a0-4199-4359-97b8-5bea1bcc2574", "status": "PROCESSING", "timestamp": "2020-10-01 10:56:45.621291"}
{"items": [{"location": "BLOCK-1-R-6-S-5", "sku": "SKU-797"}, {"location": "BLOCK-3-R-4-S-1", "sku": "SKU-961"}], "order_id": "e20182fa-eb96-4b61-8a9c-68e137490d95", "status": "SHIPPED", "timestamp": "2020-10-01 10:56:45.632541"}
{"items": [{"location": "BLOCK-2-R-3-S-2", "sku": "SKU-703"}], "order_id": "83a5d46c-aaca-47d9-9769-bcd2fce92b5f", "status": "PROCESSING", "timestamp": "2020-10-01 10:57:45.618084"}
{"items": [{"location": "BLOCK-1-R-7-S-9", "sku": "SKU-886"}, {"location": "BLOCK-4-R-6-S-1", "sku": "SKU-345"}], "order_id": "54462dc1-ca7c-44e0-9f29-e865d5a72f51", "status": "SHIPPED", "timestamp": "2020-10-01 10:57:45.622821"}
{"items": [{"location": "BLOCK-3-R-7-S-4", "sku": "SKU-212"}], "order_id": "aa1ef6cf-c5d6-42ad-8e1d-d426ee8ef325", "status": "SHIPPED", "timestamp": "2020-10-01 10:57:45.624551"}
{"items": [{"location": "BLOCK-5-R-1-S-1", "sku": "SKU-652"}, {"location": "BLOCK-1-R-7-S-9", "sku": "SKU-235"}], "order_id": "44739429-e74c-4894-8fbe-2156561a7217", "status": "SHIPPED", "timestamp": "2020-10-01 10:57:45.626912"}
{"items": [{"location": "BLOCK-2-R-5-S-1", "sku": "SKU-370"}], "order_id": "01f87ac5-8cd3-421f-9f35-3aa562902671", "status": "PROCESSING", "timestamp": "2020-10-01 10:58:45.609805"}
{"items": [{"location": "BLOCK-1-R-4-S-4", "sku": "SKU-630"}, {"location": "BLOCK-3-R-5-S-7", "sku": "SKU-691"}], "order_id": "fea284d6-bb2c-4153-b630-8641d2e8e934", "status": "SHIPPED", "timestamp": "2020-10-01 10:58:45.612755"}
{"items": [{"location": "BLOCK-4-R-1-S-8", "sku": "SKU-710"}], "order_id": "1efd5435-23f3-49de-b413-dda0c4864842", "status": "PROCESSING", "timestamp": "2020-10-01 10:58:45.617685"}
{"items": [{"location": "BLOCK-4-R-2-S-8", "sku": "SKU-676"}, {"location": "BLOCK-3-R-2-S-7", "sku": "SKU-32"}], "order_id": "54b36544-e817-4c02-946a-a8bff68098c4", "status": "SHIPPED", "timestamp": "2020-10-01 10:58:45.618432"}
{"items": [{"location": "BLOCK-1-R-7-S-1", "sku": "SKU-971"}, {"location": "BLOCK-2-R-1-S-2", "sku": "SKU-92"}], "order_id": "3a25f835-f30b-4647-a3e0-b45df4ecfcc3", "status": "PROCESSING", "timestamp": "2020-10-01 10:58:45.630463"}
{"items": [{"location": "BLOCK-5-R-5-S-5", "sku": "SKU-610"}], "order_id": "6ea345de-dcf2-4af1-a975-12f47713d81d", "status": "SHIPPED", "timestamp": "2020-10-01 10:59:45.614092"}
{"items": [{"location": "BLOCK-4-R-1-S-10", "sku": "SKU-893"}, {"location": "BLOCK-3-R-4-S-7", "sku": "SKU-408"}], "order_id": "37154447-d064-4a63-bcf2-3e969d677a61", "status": "PROCESSING", "timestamp": "2020-10-01 10:59:45.615583"}
{"items": [{"location": "BLOCK-3-R-3-S-1", "sku": "SKU-759"}, {"location": "BLOCK-1-R-7-S-9", "sku": "SKU-548"}, {"location": "BLOCK-1-R-6-S-6", "sku": "SKU-968"}], "order_id": "19ecfc87-2bd8-4458-bd77-57be3a6f76bf", "status": "SHIPPED", "timestamp": "2020-10-01 10:59:45.617486"}
