{"items": [{"location": "BLOCK-1-R-3-S-1", "sku": "SKU-47"}], "order_id": "67eeea46-2b9b-4a0f-8587-c6e47f14b60d", "status": "CREATED", "timestamp": "2020-10-01 08:48:45.613965"}
{"items": [{"location": "BLOCK-4-R-5-S-1", "sku": "SKU-318"}], "order_id": "cbcc636f-ba33-4a6c-bb0c-7d0c3bceb3de", "status": "CREATED", "timestamp": "2020-10-01 08:48:45.622857"}
{"items": [{"location": "BLOCK-1-R-5-S-9", "sku": "SKU-684"}], "order_id": "a6fef4ef-8cbe-4ece-80c8-92586106ee80", "status": "PROCESSING", "timestamp": "2020-10-01 08:48:45.629741"}
{"items": [{"location": "BLOCK-3-R-7-S-8", "sku": "SKU-796"}], "order_id": "33fc8f2d-0f39-44a3-b27e-89142e954760", "status": "PROCESSING", "timestamp": "2020-10-01 08:49:45.609309"}
{"items": [{"location": "BLOCK-2-R-7-S-7", "sku": "SKU-973"}], "order_id": "6478d8ed-3e4c-423f-bebd-45abbbcf5479", "status": "PROCESSING", "timestamp": "2020-10-01 08:49:45.615770"}
{"items": [{"location": "BLOCK-2-R-2-S-8", "sku": "SKU-110"}, {"location": "BLOCK-1-R-4-S-6", "sku": "SKU-654"}, {"location": "BLOCK-4-R-4-S-8", "sku": "SKU-348"}], "order_id": "2ae75ce2-c009-4053-9e55-7a605ae4d342", "status": "PROCESSING", "timestamp": "2020-10-01 08:49:45.616188"}
{"items": [{"location": "BLOCK-3-R-5-S-3", "sku": "SKU-304"}, {"location": "BLOCK-3-R-3-S-7", "sku": "SKU-328"}, {"location": "BLOCK-5-R-1-S-1", "sku": "SKU-208"}], "order_id": "140fd3e4-7f57-4de6-b3e5-71f0ff4ba5c9", "status": "PROCESSING", "timestamp": "2020-10-01 08:49:45.629919"}
{"items": [{"location": "BLOCK-2-R-2-S-3", "sku": "SKU-50"}, {"location": "BLOCK-1-R-7-S-1", "sku": "SKU-722"}, {"location": "BLOCK-2-R-7-S-5", "sku": "SKU-92"}], "order_id": "5bd7d00b-19ca-4a31-9c46-debc5eab8068", "status": "PROCESSING", "timestamp": "2020-10-01 08:49:45.633289"}
{"items": [{"location": "BLOCK-1-R-2-S-1", "sku": "SKU-939"}, {"location": "BLOCK-3-R-7-S-8", "sku": "SKU-789"}, {"location": "BLOCK-5-R-5-S-3", "sku": "SKU-796"}], "order_id": "88ad18b8-6352-4353-b091-5daad073a650", "status": "PROCESSING", "timestamp": "2020-10-01 08:50:45.619851"}
{"items": [{"location": "BLOCK-2-R-5-S-8", "sku": "SKU-785"}], "order_id": "eda3469d-e2b1-469e-afd9-0f74dcba0ecd", "status": "CREATED", "timestamp": "2020-10-01 08:50:45.622452"}
{"items": [{"location": "BLOCK-1-R-5-S-4", "sku": "SKU-601"}, {"location": "BLOCK-5-R-5-S-3", "sku": "SKU-294"}], "order_id": "29939b20-4450-46ad-941a-a22a58edf017", "status": "PROCESSING", "timestamp": "2020-10-01 08:51:45.607778"}
{"items": [{"location": "BLOCK-4-R-5-S-8", "sku": "SKU-91"}], "order_id": "769ea8de-5169-4ce5-b258-338e46158fcc", "status": "CREATED", "timestamp": "2020-10-01 08:51:45.608258"}
{"items": [{"location": "BLOCK-1-R-6-S-5", "sku": "SKU-936"}, {"location": "BLOCK-4-R-7-S-4", "sku": "SKU-746"}], "order_id": "e3d36318-e0b6-49de-8bc6-e7f9b059c647", "status": "PROCESSING", "timestamp": "2020-10-01 08:51:45.617152"}
{"items": [{"location": "BLOCK-1-R-3-S-9", "sku": "SKU-739"}, {"location": "BLOCK-2-R-1-S-9", "sku": "SKU-190"}], "order_id": "35f9cddc-8805-4199-bdc1-026e5dcefda2", "status": "CREATED", "timestamp": "2020-10-01 08:51:45.617283"}
{"items": [{"location": "BLOCK-5-R-4-S-2", "sku": "SKU-803"}, {"location": "BLOCK-5-R-4-S-4", "sku": "SKU-302"}], "order_id": "a3e9b2ac-82a6-4266-b36b-a23b34ca28ce", "status": "PROCESSING", "timestamp": "2020-10-01 08:51:45.621435"}
{"items": [{"location": "BLOCK-1-R-7-S-9", "sku": "SKU-886"}, {"location": "BLOCK-4-R-6-S-1", "sku": "SKU-345"}], "order_id": "54462dc1-ca7c-44e0-9f29-e865d5a72f51", "status": "CREATED", "timestamp": "2020-10-01 08:51:45.622821"}
{"items": [{"location": "BLOCK-1-R-6-S-3", "sku": "SKU-803"}, {"location": "BLOCK-2-R-4-S-6", "sku": "SKU-17"}], "order_id": "64bb8b0c-d9f4-4c89-b561-829eb6f1d0af", "status": "PROCESSING", "timestamp": "2020-10-01 08:51:45.625869"}
{"items": [{"location": "BLOCK-3-R-5-S-6", "sku": "SKU-881"}, {"location": "BLOCK-4-R-5-S-7", "sku": "SKU-776"}, {"location": "BLOCK-3-R-2-S-5", "sku": "SKU-108"}], "order_id": "ffbb6756-990f-4ae5-a8e3-aec5cb87aa2a", "status": "PROCESSING", "timestamp": "2020-10-01 08:51:45.629712"}
{"items": [{"location": "BLOCK-2-R-2-S-8", "sku": "SKU-448"}], "order_id": "f378a927-4e91-4acc-92f7-5c301891f903", "status": "CREATED", "timestamp": "2020-10-01 08:51:45.631682"}
{"items": [{"location": "BLOCK-5-R-6-S-9", "sku": "SKU-505"}, {"location": "BLOCK-2-R-3-S-8", "sku": "SKU-917"}], "order_id": "f02a5a2e-4a9e-4632-bd41-d4f0419e333c", "status": "PROCESSING", "timestamp": "2020-10-01 08:51:45.632112"}
{"items": [{"location": "BLOCK-2-R-2-S-10", "sku": "SKU-268"}], "order_id": "02999805-dca0-4bb2-9517-f27ee7d1404c", "status": "CREATED", "timestamp": "2020-10-01 08:52:45.618934"}
{"items": [{"location": "BLOCK-1-R-2-S-5", "sku": "SKU-349"}, {"location": "BLOCK-2-R-7-S-1", "sku": "SKU-523"}], "order_id": "c30ac740-cc7f-482f-a969-a11d1d00e09a", "status": "CREATED", "timestamp": "2020-10-01 08:52:45.623167"}
{"items": [{"location": "BLOCK-4-R-6-S-6", "sku": "SKU-17"}, {"location": "BLOCK-3-R-1-S-4", "sku": "SKU-689"}], "order_id": "377122b7-0784-4517-86c7-d9cd89823b8b", "status": "CREATED", "timestamp": "2020-10-01 08:52:45.631935"}
{"items": [{"location": "BLOCK-5-R-2-S-2", "sku": "SKU-673"}, {"location": "BLOCK-5-R-2-S-10", "sku": "SKU-265"}, {"location": "BLOCK-2-R-6-S-8", "sku": "SKU-743"}], "order_id": "510c8ecc-3bf3-49a1-b20f-b01f8e62113e", "status": "PROCESSING", "timestamp": "2020-10-01 08:52:45.633348"}
{"items": [{"location": "BLOCK-1-R-2-S-3", "sku": "SKU-326"}], "order_id": "de2a7e24-4f9c-4b75-b24b-0d4fd32229a2", "status": "PROCESSING", "timestamp": "2020-10-01 08:53:45.609521"}
{"items": [{"location": "BLOCK-1-R-1-S-2", "sku": "SKU-690"}], "order_id": "e508926c-2214-447c-8158-d32bc104a3cf", "status": "CREATED", "timestamp": "2020-10-01 08:53:45.612993"}
{"items": [{"location": "BLOCK-5-R-7-S-5", "sku": "SKU-311"}, {"location": "BLOCK-5-R-6-S-4", "sku": "SKU-659"}, {"location": "BLOCK-3-R-2-S-1", "sku": "SKU-859"}], "order_id": "6158dd38-7cd7-4ff8-b4d4-aa2d322e5671", "status": "PROCESSING", "timestamp": "2020-10-01 08:53:45.614333"}
{"items": [{"location": "BLOCK-4-R-2-S-8", "sku": "SKU-676"}, {"location": "BLOCK-3-R-2-S-7", "sku": "SKU-32"}], "order_id": "54b36544-e817-4c02-946a-a8bff68098c4", "status": "CREATED", "timestamp": "2020-10-01 08:53:45.618432"}
{"items": [{"location": "BLOCK-5-R-2-S-4", "sku": "SKU-895"}, {"location": "BLOCK-1-R-3-S-5", "sku": "SKU-51"}, {"location": "BLOCK-5-R-3-S-8", "sku": "SKU-223"}], "order_id": "789e1360-715a-45dc-ac84-ab8fb15397f2", "status": "CREATED", "timestamp": "2020-10-01 08:53:45.620228"}
{"items": [{"location": "BLOCK-1-R-5-S-7", "sku": "SKU-349"}], "order_id": "a948f2d5-444a-40f3-b7f2-251b1a1e741c", "status": "PROCESSING", "timestamp": "2020-10-01 08:53:45.627909"}
{"items": [{"location": "BLOCK-2-R-5-S-1", "sku": "SKU-658"}, {"location": "BLOCK-3-R-7-S-1", "sku": "SKU-480"}], "order_id": "15a1b2ae-af80-46f6-9833-e60c6a0776c9", "status": "CREATED", "timestamp": "2020-10-01 08:53:45.633151"}
{"items": [{"location": "BLOCK-1-R-7-S-3", "sku": "SKU-401"}], "order_id": "d8f9eedb-3d69-4720-8cda-fbb701d7538f", "status": "PROCESSING", "timestamp": "2020-10-01 08:54:45.610275"}
{"items": [{"location": "BLOCK-3-R-2-S-8", "sku": "SKU-788"}, {"location": "BLOCK-2-R-5-S-9", "sku": "SKU-501"}, {"location": "BLOCK-1-R-5-S-3", "sku": "SKU-836"}], "order_id": "df5dee69-237c-42fa-9221-b12ce3cc13bd", "status": "CREATED", "timestamp": "2020-10-01 08:54:45.626823"}
{"items": [{"location": "BLOCK-1-R-6-S-9", "sku": "SKU-261"}, {"location": "BLOCK-3-R-6-S-3", "sku": "SKU-312"}], "order_id": "8d7154bd-b18b-4786-aed1-cda78488de95", "status": "CREATED", "timestamp": "2020-10-01 08:55:45.613066"}
{"items": [{"location": "BLOCK-4-R-6-S-9", "sku": "SKU-637"}], "order_id": "1cf201e3-51c2-4b6f-8410-672c685ae81b", "status": "PROCESSING", "timestamp": "2020-10-01 08:55:45.613170"}
{"items": [{"location": "BLOCK-4-R-3-S-1", "sku": "SKU-198"}, {"location": "BLOCK-3-R-5-S-6", "sku": "SKU-675"}], "order_id": "8e0de10a-9f68-4054-a9dc-00301f1b98ce", "status": "CREATED", "timestamp": "2020-10-01 08:55:45.619192"}
{"items": [{"location": "BLOCK-3-R-7-S-4", "sku": "SKU-212"}], "order_id": "aa1ef6cf-c5d6-42ad-8e1d-d426ee8ef325", "status": "CREATED", "timestamp": "2020-10-01 08:55:45.624551"}
{"items": [{"location": "BLOCK-3-R-5-S-4", "sku": "SKU-371"}], "order_id": "e3a0d25b-55c1-4a93-a2e0-3ecef2cccb98", "status": "PROCESSING", "timestamp": "2020-10-01 08:55:45.630240"}
{"items": [{"location": "BLOCK-1-R-7-S-2", "sku": "SKU-610"}, {"location": "BLOCK-2-R-3-S-2", "sku": "SKU-144"}, {"location": "BLOCK-2-R-2-S-9", "sku": "SKU-984"}], "order_id": "3cf028c7-0fdb-40d3-ae2e-748e117f28e5", "status": "PROCESSING", "timestamp": "2020-10-01 08:56:45.627210"}
{"items": [{"location": "BLOCK-3-R-5-S-8", "sku": "SKU-751"}, {"location": "BLOCK-4-R-2-S-7", "sku": "SKU-254"}], "order_id": "8fad0725-dbd0-445c-933f-5bcec5b664bb", "status": "CREATED", "timestamp": "2020-10-01 08:56:45.628551"}
