{"items": [{"location": "BLOCK-4-R-3-S-2", "sku": "SKU-46"}, {"location": "BLOCK-4-R-6-S-10", "sku": "SKU-672"}], "order_id": "56948b0b-3035-4a95-a221-3b5c01e301d3", "status": "PROCESSING", "timestamp": "2020-10-01 09:33:45.614695"}
{"items": [{"location": "BLOCK-5-R-6-S-7", "sku": "SKU-603"}], "order_id": "cb14f0be-49c0-41ef-a20c-cbd40d3585ec", "status": "PROCESSING", "timestamp": "2020-10-01 09:33:45.617321"}
{"items": [{"location": "BLOCK-3-R-1-S-4", "sku": "SKU-402"}, {"location": "BLOCK-5-R-7-S-7", "sku": "SKU-309"}, {"location": "BLOCK-1-R-3-S-2", "sku": "SKU-11"}], "order_id": "8b59b7d4-a094-41a5-b9d9-3e5c2d774df7", "status": "CREATED", "timestamp": "2020-10-01 09:33:45.619606"}
{"items": [{"location": "BLOCK-3-R-7-S-1", "sku": "SKU-552"}, {"location": "BLOCK-2-R-5-S-10", "sku": "SKU-784"}, {"location": "BLOCK-2-R-3-S-6", "sku": "SKU-657"}], "order_id": "30f8926a-00b1-4222-95cc-ee9411b9640b", "status": "CREATED", "timestamp": "2020-10-01 09:33:45.630864"}
{"items": [{"location": "BLOCK-4-R-7-S-5", "sku": "SKU-312"}, {"location": "BLOCK-4-R-3-S-6", "sku": "SKU-54"}, {"location": "BLOCK-4-R-1-S-8", "sku": "SKU-377"}], "order_id": "4426a0e9-a66c-4070-9473-fd7ca07962a9", "status": "CREATED", "timestamp": "2020-10-01 09:34:45.611285"}
{"items": [{"location": "BLOCK-4-R-6-S-9", "sku": "SKU-371"}, {"location": "BLOCK-5-R-1-S-4", "sku": "SKU-409"}], "order_id": "b202d9fc-b0a4-4b5a-be31-3dacd4b09fbf", "status": "PROCESSING", "timestamp": "2020-10-01 09:34:45.612950"}
{"items": [{"location": "BLOCK-3-R-3-S-10", "sku": "SKU-840"}, {"location": "BLOCK-4-R-4-S-4", "sku": "SKU-689"}], "order_id": "6ed0d943-a79b-4f82-b9ea-07e66b59364e", "status": "PROCESSING", "timestamp": "2020-10-01 09:34:45.615731"}
{"items": [{"location": "BLOCK-2-R-2-S-6", "sku": "SKU-966"}, {"location": "BLOCK-5-R-4-S-8", "sku": "SKU-883"}, {"location": "BLOCK-2-R-3-S-3", "sku": "SKU-203"}], "order_id": "cbacb044-91d8-4471-95c2-4cfa4b79c0d1", "status": "CREATED", "timestamp": "2020-10-01 09:34:45.621054"}
{"items": [{"location": "BLOCK-2-R-3-S-8", "sku": "SKU-521"}], "order_id": "94070954-db24-4963-8a5a-a433cc6f271a", "status": "CREATED", "timestamp": "2020-10-01 09:34:45.632839"}
{"items": [{"location": "BLOCK-5-R-6-S-6", "sku": "SKU-979"}], "order_id": "44115b7b-32d4-4988-acd6-8a5da2d8760f", "status": "CREATED", "timestamp": "2020-10-01 09:35:45.610017"}
{"items": [{"location": "BLOCK-3-R-1-S-4", "sku": "SKU-450"}, {"location": "BLOCK-3-R-5-S-6", "sku": "SKU-819"}], "order_id": "62275af3-963a-469e-8a4f-59dd531a8340", "status": "PROCESSING", "timestamp": "2020-10-01 09:35:45.617104"}
{"items": [{"location": "BLOCK-3-R-3-S-1", "sku": "SKU-759"}, {"location": "BLOCK-1-R-7-S-9", "sku": "SKU-548"}, {"location": "BLOCK-1-R-6-S-6", "sku": "SKU-968"}], "order_id": "19ecfc87-2bd8-4458-bd77-57be3a6f76bf", "status": "PROCESSING", "timestamp": "2020-10-01 09:35:45.617486"}
{"items": [{"location": "BLOCK-5-R-2-S-5", "sku": "SKU-683"}, {"location": "BLOCK-2-R-6-S-8", "sku": "SKU-737"}, {"location": "BLOCK-1-R-3-S-7", "sku": "SKU-914"}], "order_id": "91236566-347d-40c4-8621-2262651f1cb6", "status": "PROCESSING", "timestamp": "2020-10-01 09:35:45.625109"}
{"items": [{"location": "BLOCK-5-R-6-S-7", "sku": "SKU-755"}, {"location": "BLOCK-2-R-2-S-5", "sku": "SKU-100"}], "order_id": "1ac9b8cc-3d16-4d78-9494-e780e5ec86c7", "status": "CREATED", "timestamp": "2020-10-01 09:36:45.615120"}
{"items": [{"location": "BLOCK-4-R-4-S-9", "sku": "SKU-200"}, {"location": "BLOCK-4-R-5-S-7", "sku": "SKU-333"}, {"location": "BLOCK-4-R-5-S-1", "sku": "SKU-399"}], "order_id": "6fd39a58-2268-45fb-91c7-21f0552c6126", "status": "PROCESSING", "timestamp": "2020-10-01 09:36:45.628065"}
{"items": [{"location": "BLOCK-2-R-6-S-4", "sku": "SKU-395"}, {"location": "BLOCK-5-R-3-S-3", "sku": "SKU-79"}, {"location": "BLOCK-2-R-7-S-2", "sku": "SKU-778"}], "order_id": "230d8e4a-5d5a-416f-a819-c70c3967379a", "status": "PROCESSING", "timestamp": "2020-10-01 09:37:45.614957"}
{"items": [{"location": "BLOCK-2-R-7-S-8", "sku": "SKU-61"}, {"location": "BLOCK-1-R-6-S-9", "sku": "SKU-426"}], "order_id": "94660acd-5f0b-4a27-9f8d-153d1c985a0a", "status": "PROCESSING", "timestamp": "2020-10-01 09:37:45.621510"}
{"items": [{"location": "BLOCK-3-R-1-S-9", "sku": "SKU-133"}, {"location": "BLOCK-3-R-7-S-10", "sku": "SKU-248"}], "order_id": "0b1ada28-7b85-42f3-82fd-45b764ce6646", "status": "CREATED", "timestamp": "2020-10-01 09:37:45.630284"}
{"items": [{"location": "BLOCK-4-R-1-S-7", "sku": "SKU-769"}], "order_id": "eb2e9751-3033-4937-a4f6-dd137a7e4286", "status": "PROCESSING", "timestamp": "2020-10-01 09:38:45.607514"}
{"items": [{"location": "BLOCK-5-R-5-S-6", "sku": "SKU-950"}, {"location": "BLOCK-3-R-2-S-4", "sku": "SKU-607"}], "order_id": "4a9a879f-9944-4002-870f-f4468de6ee66", "status": "PROCESSING", "timestamp": "2020-10-01 09:38:45.609910"}
{"items": [{"location": "BLOCK-2-R-4-S-8", "sku": "SKU-5"}, {"location": "BLOCK-2-R-1-S-9", "sku": "SKU-535"}], "order_id": "cdcd7b1f-df9f-46e4-afeb-e45316841f50", "status": "CREATED", "timestamp": "2020-10-01 09:39:45.615439"}
{"items": [{"location": "BLOCK-5-R-2-S-9", "sku": "SKU-565"}], "order_id": "46089efa-e74f-4dc2-bc1c-afd9424b07b8", "status": "CREATED", "timestamp": "2020-10-01 09:39:45.623324"}
{"items": [{"location": "BLOCK-2-R-5-S-10", "sku": "SKU-996"}, {"location": "BLOCK-5-R-3-S-10", "sku": "SKU-127"}], "order_id": "4663213f-7c4c-469a-9484-b116b2b16874", "status": "PROCESSING", "timestamp": "2020-10-01 09:39:45.626010"}
{"items": [{"location": "BLOCK-4-R-3-S-10", "sku": "SKU-65"}, {"location": "BLOCK-2-R-7-S-10", "sku": "SKU-360"}], "order_id": "83682606-dd7b-4e16-8a88-3ca6031911bc", "status": "PROCESSING", "timestamp": "2020-10-01 09:39:45.628500"}
{"items": [{"location": "BLOCK-1-R-6-S-1", "sku": "SKU-853"}, {"location": "BLOCK-3-R-5-S-6", "sku": "SKU-620"}, {"location": "BLOCK-4-R-4-S-8", "sku": "SKU-474"}], "order_id": "945d5b38-4692-48fc-aec8-1fc930956386", "status": "CREATED", "timestamp": "2020-10-01 09:39:45.628972"}
{"items": [{"location": "BLOCK-1-R-5-S-6", "sku": "SKU-67"}, {"location": "BLOCK-2-R-4-S-3", "sku": "SKU-908"}], "order_id": "a2a4f78f-7015-4341-bdb7-20aab5dded53", "status": "CREATED", "timestamp": "2020-10-01 09:39:45.629776"}
{"items": [{"location": "BLOCK-3-R-5-S-8", "sku": "SKU-819"}, {"location": "BLOCK-1-R-3-S-2", "sku": "SKU-897"}], "order_id": "2cac18c5-6de5-4b2a-8f0e-81f87c54a0ea", "status": "PROCESSING", "timestamp": "2020-10-01 09:40:45.618347"}
{"items": [{"location": "BLOCK-5-R-3-S-3", "sku": "SKU-514"}], "order_id": "14866967-3d0f-4e81-97b9-bbd286e4e278", "status": "PROCESSING", "timestamp": "2020-10-01 09:40:45.619225"}
{"items": [{"location": "BLOCK-5-R-6-S-7", "sku": "SKU-684"}, {"location": "BLOCK-1-R-3-S-7", "sku": "SKU-445"}, {"location": "BLOCK-2-R-4-S-8", "sku": "SKU-383"}], "order_id": "ed7580df-ed37-4691-8837-2a1d22370857", "status": "SHIPPED", "timestamp": "2020-10-01 09:40:45.622208"}
{"items": [{"location": "BLOCK-1-R-1-S-2", "sku": "SKU-16"}, {"location": "BLOCK-5-R-6-S-9", "sku": "SKU-805"}, {"location": "BLOCK-1-R-7-S-9", "sku": "SKU-939"}], "order_id": "3582a1ac-68b7-4868-9a82-34413451a311", "status": "CREATED", "timestamp": "2020-10-01 09:40:45.629328"}
{"items": [{"location": "BLOCK-2-R-5-S-5", "sku": "SKU-609"}], "order_id": "853e2e5c-cc3f-4f02-87ea-4d4be41cc0ae", "status": "CREATED", "timestamp": "2020-10-01 09:41:45.616879"}
{"items": [{"location": "BLOCK-3-R-7-S-2", "sku": "SKU-438"}, {"location": "BLOCK-3-R-2-S-2", "sku": "SKU-351"}], "order_id": "706f22d8-9caa-4d31-be62-3aad5cf19fa7", "status": "CREATED", "timestamp": "2020-10-01 09:41:45.625009"}
{"items": [{"location": "BLOCK-3-R-7-S-8", "sku": "SKU-722"}, {"location": "BLOCK-5-R-1-S-10", "sku": "SKU-709"}, {"location": "BLOCK-1-R-6-S-10", "sku": "SKU-295"}], "order_id": "fdd83bda-572c-4bbd-8cab-711fdd47ba41", "status": "CREATED", "timestamp": "2020-10-01 09:42:45.614806"}
{"items": [{"location": "BLOCK-1-R-2-S-1", "sku": "SKU-939"}, {"location": "BLOCK-3-R-7-S-8", "sku": "SKU-789"}, {"location": "BLOCK-5-R-5-S-3", "sku": "SKU-796"}], "order_id": "88ad18b8-6352-4353-b091-5daad073a650", "status": "SHIPPED", "timestamp": "2020-10-01 09:42:45.619851"}
{"items": [{"location": "BLOCK-2-R-2-S-2", "sku": "SKU-539"}], "order_id": "48a6502e-29d3-4dc3-8266-2d0581734ca3", "status": "CREATED", "timestamp": "2020-10-01 09:42:45.619927"}
{"items": [{"location": "BLOCK-2-R-6-S-6", "sku": "SKU-756"}], "order_id": "22df55e9-9ae8-466c-b132-0d5000507d49", "status": "PROCESSING", "timestamp": "2020-10-01 09:42:45.623016"}
{"items": [{"location": "BLOCK-5-R-7-S-7", "sku": "SKU-68"}, {"location": "BLOCK-2-R-3-S-9", "sku": "SKU-572"}], "order_id": "ecaed01d-a706-4f86-b012-16127dd83364", "status": "CREATED", "timestamp": "2020-10-01 09:42:45.624310"}
{"items": [{"location": "BLOCK-2-R-2-S-3", "sku": "SKU-400"}], "order_id": "c873684e-32a9-48ef-8b52-74f90d7e7df3", "status": "PROCESSING", "timestamp": "2020-10-01 09:42:45.633557"}
{"items": [{"location": "BLOCK-5-R-5-S-5", "sku": "SKU-610"}], "order_id": "6ea345de-dcf2-4af1-a975-12f47713d81d", "status": "PROCESSING", "timestamp": "2020-10-01 09:43:45.614092"}
{"items": [{"location": "BLOCK-3-R-4-S-8", "sku": "SKU-157"}, {"location": "BLOCK-4-R-7-S-9", "sku": "SKU-197"}], "order_id": "a9ca442e-c0c0-41db-9e0f-6596c572f55f", "status": "PROCESSING", "timestamp": "2020-10-01 09:43:45.622631"}
