{"items": [{"location": "BLOCK-4-R-7-S-10", "sku": "SKU-471"}, {"location": "BLOCK-2-R-5-S-2", "sku": "SKU-960"}], "order_id": "e3b1927a-6bd3-4f68-a80c-798f5231b990", "status": "PROCESSING", "timestamp": "2020-10-01 10:14:45.614602"}
{"items": [{"location": "BLOCK-4-R-3-S-1", "sku": "SKU-179"}, {"location": "BLOCK-2-R-4-S-3", "sku": "SKU-459"}], "order_id": "c4be6343-8cd2-48ae-8deb-30830527e88c", "status": "CREATED", "timestamp": "2020-10-01 10:14:45.615861"}
{"items": [{"location": "BLOCK-3-R-1-S-2", "sku": "SKU-410"}], "order_id": "b262894e-d243-4e07-b3ca-281fcd63b08a", "status": "CREATED", "timestamp": "2020-10-01 10:14:45.619261"}
{"items": [{"location": "BLOCK-1-R-5-S-2", "sku": "SKU-77"}], "order_id": "b79bd31f-8b08-4ded-ab6b-243d53422109", "status": "PROCESSING", "timestamp": "2020-10-01 10:14:45.620122"}
{"items": [{"location": "BLOCK-4-R-6-S-3", "sku": "SKU-738"}], "order_id": "a286a6ad-3779-4a72-951c-6d9a7048ba61", "status": "CREATED", "timestamp": "2020-10-01 10:14:45.621808"}
{"items": [{"location": "BLOCK-1-R-2-S-1", "sku": "SKU-837"}], "order_id": "9e12e875-afc6-4d26-a253-8ccf7435e237", "status": "SHIPPED", "timestamp": "2020-10-01 10:14:45.625354"}
{"items": [{"location": "BLOCK-4-R-6-S-9", "sku": "SKU-757"}], "order_id": "e5237b41-a645-4163-8c37-383f80ea25a3", "status": "PROCESSING", "timestamp": "2020-10-01 10:14:45.625802"}
{"items": [{"location": "BLOCK-3-R-4-S-8", "sku": "SKU-516"}, {"location": "BLOCK-2-R-4-S-3", "sku": "SKU-487"}], "order_id": "5979b68d-1484-4047-bcf1-7030bbb27c7a", "status": "CREATED", "timestamp": "2020-10-01 10:14:45.626441"}
{"items": [{"location": "BLOCK-4-R-5-S-8", "sku": "SKU-817"}, {"location": "BLOCK-5-R-6-S-8", "sku": "SKU-686"}, {"location": "BLOCK-1-R-1-S-6", "sku": "SKU-997"}], "order_id": "80821bda-f94a-4fec-a017-7eed9ed27d0a", "status": "SHIPPED", "timestamp": "2020-10-01 10:14:45.627259"}
{"items": [{"location": "BLOCK-1-R-7-S-9", "sku": "SKU-511"}], "order_id": "0c812c39-bde1-4397-9803-394f60ac4344", "status": "SHIPPED", "timestamp": "2020-10-01 10:15:45.612263"}
{"items": [{"location": "BLOCK-4-R-2-S-5", "sku": "SKU-215"}], "order_id": "7491ee5a-0c73-49a1-9281-c9ab081aba7b", "status": "CREATED", "timestamp": "2020-10-01 10:15:45.614496"}
{"items": [{"location": "BLOCK-5-R-3-S-8", "sku": "SKU-525"}, {"location": "BLOCK-3-R-6-S-5", "sku": "SKU-12"}], "order_id": "56b8fda3-6334-482d-9532-0954012f3241", "status": "SHIPPED", "timestamp": "2020-10-01 10:15:45.615631"}
{"items": [{"location": "BLOCK-3-R-5-S-3", "sku": "SKU-728"}], "order_id": "694100dc-ff7a-4e1b-83b8-44327b39eb3e", "status": "CREATED", "timestamp": "2020-10-01 10:15:45.629038"}
{"items": [{"location": "BLOCK-5-R-2-S-1", "sku": "SKU-706"}], "order_id": "24c71031-d202-4510-bb2f-6e6e2d122f1e", "status": "SHIPPED", "timestamp": "2020-10-01 10:15:45.632783"}
{"items": [{"location": "BLOCK-5-R-1-S-1", "sku": "SKU-611"}, {"location": "BLOCK-5-R-2-S-6", "sku": "SKU-806"}], "order_id": "0eb2aa85-8968-49f0-ad41-375e421a744e", "status": "PROCESSING", "timestamp": "2020-10-01 10:16:45.609967"}
{"items": [{"location": "BLOCK-1-R-2-S-3", "sku": "SKU-9"}, {"location": "BLOCK-1-R-7-S-2", "sku": "SKU-557"}, {"location": "BLOCK-2-R-4-S-6", "sku": "SKU-846"}], "order_id": "3c587042-e344-4ca8-a27c-efe645d05ea5", "status": "PROCESSING", "timestamp": "2020-10-01 10:16:45.616546"}
{"items": [{"location": "BLOCK-4-R-1-S-10", "sku": "SKU-139"}], "order_id": "8ac8d332-c4a8-4ede-b90d-fd3c8384cc67", "status": "CREATED", "timestamp": "2020-10-01 10:16:45.617529"}
{"items": [{"location": "BLOCK-5-R-6-S-5", "sku": "SKU-949"}, {"location": "BLOCK-3-R-5-S-3", "sku": "SKU-652"}, {"location": "BLOCK-5-R-4-S-1", "sku": "SKU-485"}], "order_id": "26518aef-c0dc-4236-867a-7ae45b4f22e2", "status": "SHIPPED", "timestamp": "2020-10-01 10:16:45.619799"}
{"items": [{"location": "BLOCK-4-R-4-S-7", "sku": "SKU-633"}, {"location": "BLOCK-3-R-6-S-6", "sku": "SKU-700"}], "order_id": "3646a0a2-a32b-4c0a-a8c0-07eb5424e48c", "status": "CREATED", "timestamp": "2020-10-01 10:16:45.631988"}
{"items": [{"location": "BLOCK-1-R-4-S-10", "sku": "SKU-18"}, {"location": "BLOCK-5-R-6-S-1", "sku": "SKU-185"}, {"location": "BLOCK-4-R-5-S-3", "sku": "SKU-70"}], "order_id": "8f0ea287-a6b3-4d4a-8687-894313e84ee1", "status": "PROCESSING", "timestamp": "2020-10-01 10:16:45.632452"}
{"items": [{"location": "BLOCK-5-R-1-S-10", "sku": "SKU-990"}], "order_id": "b6df793a-8c10-46a4-a6d3-4b99d2eb8507", "status": "CREATED", "timestamp": "2020-10-01 10:17:45.612165"}
{"items": [{"location": "BLOCK-3-R-5-S-9", "sku": "SKU-647"}, {"location": "BLOCK-2-R-1-S-4", "sku": "SKU-575"}], "order_id": "fc7b4519-3c5b-4231-89b4-eb1b88fae2d2", "status": "CREATED", "timestamp": "2020-10-01 10:17:45.614649"}
{"items": [{"location": "BLOCK-4-R-5-S-1", "sku": "SKU-0"}, {"location": "BLOCK-1-R-6-S-8", "sku": "SKU-714"}, {"location": "BLOCK-5-R-6-S-5", "sku": "SKU-107"}], "order_id": "0ac1a03a-3a5e-4f7e-80dd-4df80cd7c85f", "status": "PROCESSING", "timestamp": "2020-10-01 10:17:45.618990"}
{"items": [{"location": "BLOCK-5-R-2-S-8", "sku": "SKU-149"}, {"location": "BLOCK-5-R-6-S-2", "sku": "SKU-522"}, {"location": "BLOCK-2-R-7-S-6", "sku": "SKU-237"}], "order_id": "33284aa3-fb17-4282-96b9-fd4cfddebf10", "status": "CREATED", "timestamp": "2020-10-01 10:17:45.619388"}
{"items": [{"location": "BLOCK-2-R-6-S-4", "sku": "SKU-275"}], "order_id": "08bd398c-db0e-4ed9-ac2f-54def04ef0e5", "status": "PROCESSING", "timestamp": "2020-10-01 10:17:45.630177"}
{"items": [{"location": "BLOCK-4-R-3-S-6", "sku": "SKU-27"}, {"location": "BLOCK-4-R-3-S-7", "sku": "SKU-31"}, {"location": "BLOCK-4-R-7-S-6", "sku": "SKU-131"}], "order_id": "a5403fe4-dda9-41d8-980e-4fed23aa8473", "status": "PROCESSING", "timestamp": "2020-10-01 10:17:45.630331"}
{"items": [{"location": "BLOCK-2-R-4-S-4", "sku": "SKU-681"}, {"location": "BLOCK-1-R-3-S-9", "sku": "SKU-354"}, {"location": "BLOCK-1-R-4-S-10", "sku": "SKU-756"}], "order_id": "d0740709-681d-48d5-9254-9b0111e891a9", "status": "CREATED", "timestamp": "2020-10-01 10:18:45.609585"}
{"items": [{"location": "BLOCK-2-R-3-S-1", "sku": "SKU-322"}], "order_id": "20f67fb2-04c2-4344-9ce0-95e0c054e161", "status": "CREATED", "timestamp": "2020-10-01 10:18:45.610188"}
{"items": [{"location": "BLOCK-5-R-3-S-7", "sku": "SKU-505"}], "order_id": "07c84df7-c14f-468f-ace3-8e4190b252bd", "status": "PROCESSING", "timestamp": "2020-10-01 10:18:45.616588"}
{"items": [{"location": "BLOCK-3-R-4-S-1", "sku": "SKU-476"}], "order_id": "fbe1d522-3972-4b4e-96fb-9823f964def1", "status": "SHIPPED", "timestamp": "2020-10-01 10:18:45.617193"}
{"items": [{"location": "BLOCK-4-R-1-S-10", "sku": "SKU-887"}, {"location": "BLOCK-4-R-1-S-3", "sku": "SKU-472"}], "order_id": "b124745a-8b97-42b2-9c03-92e274fb572b", "status": "SHIPPED", "timestamp": "2020-10-01 10:18:45.622042"}
{"items": [{"location": "BLOCK-4-R-1-S-9", "sku": "SKU-601"}], "order_id": "1e41a6c3-a098-4bf2-adb4-523c8cfc2a7b", "status": "CREATED", "timestamp": "2020-10-01 10:18:45.622899"}
{"items": [{"location": "BLOCK-2-R-3-S-2", "sku": "SKU-556"}, {"location": "BLOCK-5-R-4-S-6", "sku": "SKU-670"}, {"location": "BLOCK-5-R-4-S-9", "sku": "SKU-319"}], "order_id": "44fe2a92-0735-45c2-a75b-d1bdad7c85df", "status": "SHIPPED", "timestamp": "2020-10-01 10:18:45.625722"}
{"items": [{"location": "BLOCK-1-R-1-S-1", "sku": "SKU-385"}], "order_id": "5a075776-9d6f-4edd-ba93-c12af9b61fb8", "status": "PROCESSING", "timestamp": "2020-10-01 10:19:45.616788"}
{"items": [{"location": "BLOCK-1-R-3-S-9", "sku": "SKU-339"}, {"location": "BLOCK-2-R-6-S-9", "sku": "SKU-675"}, {"location": "BLOCK-3-R-3-S-2", "sku": "SKU-449"}], "order_id": "72344d3d-3e84-4e0c-b79f-09c0803a1652", "status": "CREATED", "timestamp": "2020-10-01 10:19:45.623259"}
{"items": [{"location": "BLOCK-2-R-2-S-8", "sku": "SKU-827"}, {"location": "BLOCK-2-R-2-S-9", "sku": "SKU-989"}, {"location": "BLOCK-1-R-4-S-3", "sku": "SKU-455"}], "order_id": "bdf7c0e5-7f88-42ed-b9e0-6585a1238b52", "status": "SHIPPED", "timestamp": "2020-10-01 10:19:45.631438"}
{"items": [{"location": "BLOCK-3-R-6-S-10", "sku": "SKU-572"}, {"location": "BLOCK-2-R-4-S-1", "sku": "SKU-968"}], "order_id": "47cb31c2-32aa-4f10-a3dd-7b0c59df879d", "status": "PROCESSING", "timestamp": "2020-10-01 10:19:45.631608"}
{"items": [{"location": "BLOCK-1-R-1-S-5", "sku": "SKU-58"}], "order_id": "e3d1c735-debc-411e-b681-4ab4ebb67344", "status": "SHIPPED", "timestamp": "2020-10-01 10:19:45.632900"}
{"items": [{"location": "BLOCK-2-R-5-S-4", "sku": "SKU-801"}], "order_id": "57fc1c30-0b16-4040-a9e2-74e9e860cac3", "status": "PROCESSING", "timestamp": "2020-10-01 10:20:45.611848"}
{"items": [{"location": "BLOCK-4-R-5-S-5", "sku": "SKU-15"}, {"location": "BLOCK-4-R-6-S-2", "sku": "SKU-117"}, {"location": "BLOCK-3-R-6-S-5", "sku": "SKU-857"}], "order_id": "f28fd938-aab3-475b-8409-cfc2e097dc48", "status": "CREATED", "timestamp": "2020-10-01 10:20:45.615393"}
