{"items": [{"location": "BLOCK-5-R-2-S-5", "sku": "SKU-683"}, {"location": "BLOCK-2-R-6-S-8", "sku": "SKU-737"}, {"location": "BLOCK-1-R-3-S-7", "sku": "SKU-914"}], "order_id": "91236566-347d-40c4-8621-2262651f1cb6", "status": "CREATED", "timestamp": "2020-10-01 08:37:45.625109"}
{"items": [{"location": "BLOCK-5-R-2-S-4", "sku": "SKU-754"}, {"location": "BLOCK-2-R-2-S-7", "sku": "SKU-833"}, {"location": "BLOCK-1-R-6-S-6", "sku": "SKU-667"}], "order_id": "52d3587b-96f2-4e17-a41b-230cee23e97c", "status": "CREATED", "timestamp": "2020-10-01 08:37:45.627866"}
{"items": [{"location": "BLOCK-4-R-3-S-2", "sku": "SKU-46"}, {"location": "BLOCK-4-R-6-S-10", "sku": "SKU-672"}], "order_id": "56948b0b-3035-4a95-a221-3b5c01e301d3", "status": "CREATED", "timestamp": "2020-10-01 08:38:45.614695"}
{"items": [{"location": "BLOCK-3-R-3-S-8", "sku": "SKU-491"}, {"location": "BLOCK-5-R-5-S-6", "sku": "SKU-458"}, {"location": "BLOCK-5-R-1-S-10", "sku": "SKU-224"}], "order_id": "0ffa9945-1758-406e-9a6a-0c88b8379d5a", "status": "PROCESSING", "timestamp": "2020-10-01 08:38:45.614901"}
{"items": [{"location": "BLOCK-2-R-6-S-3", "sku": "SKU-859"}, {"location": "BLOCK-2-R-7-S-10", "sku": "SKU-131"}], "order_id": "aaa3e9bb-b427-4857-b140-d021bd5e2bfc", "status": "CREATED", "timestamp": "2020-10-01 08:38:45.630744"}
{"items": [{"location": "BLOCK-5-R-3-S-3", "sku": "SKU-514"}], "order_id": "14866967-3d0f-4e81-97b9-bbd286e4e278", "status": "CREATED", "timestamp": "2020-10-01 08:40:45.619225"}
{"items": [{"location": "BLOCK-5-R-5-S-7", "sku": "SKU-640"}, {"location": "BLOCK-5-R-2-S-5", "sku": "SKU-124"}, {"location": "BLOCK-2-R-2-S-3", "sku": "SKU-753"}], "order_id": "44a3c15e-8641-4334-be25-07d0aa66acb8", "status": "PROCESSING", "timestamp": "2020-10-01 08:40:45.619434"}
{"items": [{"location": "BLOCK-4-R-3-S-10", "sku": "SKU-65"}, {"location": "BLOCK-2-R-7-S-10", "sku": "SKU-360"}], "order_id": "83682606-dd7b-4e16-8a88-3ca6031911bc", "status": "CREATED", "timestamp": "2020-10-01 08:40:45.628500"}
{"items": [{"location": "BLOCK-2-R-6-S-2", "sku": "SKU-796"}], "order_id": "1802b806-56fc-4d94-9559-9307ff966ce3", "status": "PROCESSING", "timestamp": "2020-10-01 08:40:45.629806"}
{"items": [{"location": "BLOCK-1-R-4-S-4", "sku": "SKU-630"}, {"location": "BLOCK-3-R-5-S-7", "sku": "SKU-691"}], "order_id": "fea284d6-bb2c-4153-b630-8641d2e8e934", "status": "CREATED", "timestamp": "2020-10-01 08:41:45.612755"}
{"items": [{"location": "BLOCK-2-R-6-S-4", "sku": "SKU-395"}, {"location": "BLOCK-5-R-3-S-3", "sku": "SKU-79"}, {"location": "BLOCK-2-R-7-S-2", "sku": "SKU-778"}], "order_id": "230d8e4a-5d5a-416f-a819-c70c3967379a", "status": "CREATED", "timestamp": "2020-10-01 08:41:45.614957"}
{"items": [{"location": "BLOCK-2-R-6-S-3", "sku": "SKU-437"}, {"location": "BLOCK-2-R-5-S-1", "sku": "SKU-724"}, {"location": "BLOCK-1-R-1-S-8", "sku": "SKU-380"}], "order_id": "04cb130c-affc-4c2c-8873-6d0ab682987f", "status": "PROCESSING", "timestamp": "2020-10-01 08:41:45.629671"}
{"items": [{"location": "BLOCK-4-R-6-S-9", "sku": "SKU-371"}, {"location": "BLOCK-5-R-1-S-4", "sku": "SKU-409"}], "order_id": "b202d9fc-b0a4-4b5a-be31-3dacd4b09fbf", "status": "CREATED", "timestamp": "2020-10-01 08:42:45.612950"}
{"items": [{"location": "BLOCK-3-R-3-S-1", "sku": "SKU-759"}, {"location": "BLOCK-1-R-7-S-9", "sku": "SKU-548"}, {"location": "BLOCK-1-R-6-S-6", "sku": "SKU-968"}], "order_id": "19ecfc87-2bd8-4458-bd77-57be3a6f76bf", "status": "CREATED", "timestamp": "2020-10-01 08:42:45.617486"}
{"items": [{"location": "BLOCK-2-R-7-S-8", "sku": "SKU-61"}, {"location": "BLOCK-1-R-6-S-9", "sku": "SKU-426"}], "order_id": "94660acd-5f0b-4a27-9f8d-153d1c985a0a", "status": "CREATED", "timestamp": "2020-10-01 08:42:45.621510"}
{"items": [{"location": "BLOCK-5-R-5-S-2", "sku": "SKU-241"}, {"location": "BLOCK-5-R-6-S-1", "sku": "SKU-447"}], "order_id": "49f2724b-c8e0-4681-b125-a58983f8b63f", "status": "PROCESSING", "timestamp": "2020-10-01 08:42:45.622545"}
{"items": [{"location": "BLOCK-4-R-5-S-2", "sku": "SKU-118"}], "order_id": "aa47d8c4-ce0c-426d-86e6-5889129e68eb", "status": "PROCESSING", "timestamp": "2020-10-01 08:42:45.629149"}
{"items": [{"location": "BLOCK-1-R-3-S-5", "sku": "SKU-390"}, {"location": "BLOCK-3-R-7-S-3", "sku": "SKU-492"}, {"location": "BLOCK-5-R-5-S-6", "sku": "SKU-703"}], "order_id": "2c852d97-4054-49e6-800d-7375d6758b84", "status": "PROCESSING", "timestamp": "2020-10-01 08:42:45.632385"}
{"items": [{"location": "BLOCK-2-R-7-S-4", "sku": "SKU-405"}], "order_id": "01288c4e-9a3b-4830-bf47-cb5e0b6c62a6", "status": "PROCESSING", "timestamp": "2020-10-01 08:43:45.618558"}
{"items": [{"location": "BLOCK-4-R-4-S-9", "sku": "SKU-200"}, {"location": "BLOCK-4-R-5-S-7", "sku": "SKU-333"}, {"location": "BLOCK-4-R-5-S-1", "sku": "SKU-399"}], "order_id": "6fd39a58-2268-45fb-91c7-21f0552c6126", "status": "CREATED", "timestamp": "2020-10-01 08:43:45.628065"}
{"items": [{"location": "BLOCK-5-R-5-S-1", "sku": "SKU-646"}, {"location": "BLOCK-2-R-1-S-7", "sku": "SKU-404"}], "order_id": "fbfea445-9833-4781-8231-201b68da47aa", "status": "CREATED", "timestamp": "2020-10-01 08:44:45.609416"}
{"items": [{"location": "BLOCK-2-R-5-S-10", "sku": "SKU-996"}, {"location": "BLOCK-5-R-3-S-10", "sku": "SKU-127"}], "order_id": "4663213f-7c4c-469a-9484-b116b2b16874", "status": "CREATED", "timestamp": "2020-10-01 08:44:45.626010"}
{"items": [{"location": "BLOCK-5-R-1-S-1", "sku": "SKU-652"}, {"location": "BLOCK-1-R-7-S-9", "sku": "SKU-235"}], "order_id": "44739429-e74c-4894-8fbe-2156561a7217", "status": "CREATED", "timestamp": "2020-10-01 08:44:45.626912"}
{"items": [{"location": "BLOCK-3-R-2-S-4", "sku": "SKU-688"}, {"location": "BLOCK-2-R-5-S-6", "sku": "SKU-929"}], "order_id": "2b646671-eb58-4877-bbb1-3c76538641e6", "status": "CREATED", "timestamp": "2020-10-01 08:44:45.628933"}
{"items": [{"location": "BLOCK-4-R-4-S-9", "sku": "SKU-677"}], "order_id": "29fa3f9f-1aad-48aa-a487-34b91d96c779", "status": "PROCESSING", "timestamp": "2020-10-01 08:44:45.629182"}
{"items": [{"location": "BLOCK-1-R-7-S-9", "sku": "SKU-77"}, {"location": "BLOCK-5-R-1-S-8", "sku": "SKU-18"}, {"location": "BLOCK-2-R-1-S-6", "sku": "SKU-850"}], "order_id": "ecf2b10a-2008-4526-8745-529273c69642", "status": "CREATED", "timestamp": "2020-10-01 08:45:45.611625"}
{"items": [{"location": "BLOCK-2-R-4-S-3", "sku": "SKU-692"}], "order_id": "7254c1b9-d7a2-4b98-9afc-3b099142c5a4", "status": "PROCESSING", "timestamp": "2020-10-01 08:45:45.631297"}
{"items": [{"location": "BLOCK-1-R-6-S-5", "sku": "SKU-797"}, {"location": "BLOCK-3-R-4-S-1", "sku": "SKU-961"}], "order_id": "e20182fa-eb96-4b61-8a9c-68e137490d95", "status": "CREATED", "timestamp": "2020-10-01 08:45:45.632541"}
{"items": [{"location": "BLOCK-4-R-1-S-7", "sku": "SKU-769"}], "order_id": "eb2e9751-3033-4937-a4f6-dd137a7e4286", "status": "CREATED", "timestamp": "2020-10-01 08:46:45.607514"}
{"items": [{"location": "BLOCK-5-R-5-S-5", "sku": "SKU-610"}], "order_id": "6ea345de-dcf2-4af1-a975-12f47713d81d", "status": "CREATED", "timestamp": "2020-10-01 08:46:45.614092"}
{"items": [{"location": "BLOCK-1-R-5-S-4", "sku": "SKU-980"}, {"location": "BLOCK-1-R-6-S-2", "sku": "SKU-210"}], "order_id": "5c9c6194-297a-49ff-b704-e7360fc77a39", "status": "PROCESSING", "timestamp": "2020-10-01 08:46:45.618171"}
{"items": [{"location": "BLOCK-2-R-3-S-6", "sku": "SKU-539"}, {"location": "BLOCK-5-R-5-S-10", "sku": "SKU-674"}, {"location": "BLOCK-2-R-6-S-7", "sku": "SKU-459"}], "order_id": "002d64d7-caea-49d0-9de5-65fac94f35bd", "status": "PROCESSING", "timestamp": "2020-10-01 08:46:45.622730"}
{"items": [{"location": "BLOCK-2-R-1-S-8", "sku": "SKU-220"}, {"location": "BLOCK-4-R-2-S-1", "sku": "SKU-48"}], "order_id": "bd24ab42-aa78-467f-b9c1-b3983f34a086", "status": "CREATED", "timestamp": "2020-10-01 08:46:45.629404"}
{"items": [{"location": "BLOCK-4-R-3-S-4", "sku": "SKU-263"}, {"location": "BLOCK-5-R-7-S-5", "sku": "SKU-850"}], "order_id": "d1d703f4-c44f-4853-a5c9-7d7899d7f686", "status": "CREATED", "timestamp": "2020-10-01 08:46:45.633056"}
{"items": [{"location": "BLOCK-2-R-6-S-5", "sku": "SKU-553"}, {"location": "BLOCK-2-R-1-S-6", "sku": "SKU-87"}, {"location": "BLOCK-3-R-3-S-2", "sku": "SKU-415"}], "order_id": "38f992fa-8fb9-4be7-8da0-d8a45a18fd22", "status": "PROCESSING", "timestamp": "2020-10-01 08:46:45.633750"}
{"items": [{"location": "BLOCK-4-R-1-S-5", "sku": "SKU-150"}, {"location": "BLOCK-5-R-6-S-5", "sku": "SKU-910"}], "order_id": "c92f45f0-564d-42fb-afb3-f85a76edfd5c", "status": "CREATED", "timestamp": "2020-10-01 08:47:45.616691"}
{"items": [{"location": "BLOCK-1-R-1-S-6", "sku": "SKU-203"}, {"location": "BLOCK-3-R-4-S-1", "sku": "SKU-716"}], "order_id": "8a7e355a-1c31-4622-b059-c0b6353ec73c", "status": "PROCESSING", "timestamp": "2020-10-01 08:47:45.617059"}
{"items": [{"location": "BLOCK-5-R-5-S-1", "sku": "SKU-697"}, {"location": "BLOCK-1-R-2-S-1", "sku": "SKU-713"}], "order_id": "29846ea1-1830-4b36-82ec-74941cbd8f63", "status": "CREATED", "timestamp": "2020-10-01 08:47:45.625437"}
{"items": [{"location": "BLOCK-5-R-3-S-3", "sku": "SKU-917"}, {"location": "BLOCK-4-R-2-S-6", "sku": "SKU-781"}, {"location": "BLOCK-1-R-5-S-1", "sku": "SKU-19"}], "order_id": "3c5dbf65-39a3-491f-bf2b-1a53b00a76be", "status": "CREATED", "timestamp": "2020-10-01 08:47:45.632704"}
{"items": [{"location": "BLOCK-4-R-7-S-3", "sku": "SKU-51"}, {"location": "BLOCK-2-R-1-S-6", "sku": "SKU-540"}], "order_id": "cfa33b84-7c1f-4e4b-9aa7-9c50c7cf2c94", "status": "PROCESSING", "timestamp": "2020-10-01 08:48:45.608618"}
