{"items": [{"location": "BLOCK-2-R-7-S-7", "sku": "SKU-973"}], "order_id": "6478d8ed-3e4c-423f-bebd-45abbbcf5479", "status": "CREATED", "timestamp": "2020-10-01 07:55:45.615770"}
{"items": [{"location": "BLOCK-2-R-6-S-8", "sku": "SKU-171"}], "order_id": "43ec73b5-aa18-423a-bfd1-1f95b0865a31", "status": "CREATED", "timestamp": "2020-10-01 07:57:45.621122"}
{"items": [{"location": "BLOCK-1-R-1-S-5", "sku": "SKU-495"}], "order_id": "89060a95-251d-4789-aad1-920b1d9e5230", "status": "CREATED", "timestamp": "2020-10-01 07:57:45.627649"}
{"items": [{"location": "BLOCK-5-R-7-S-5", "sku": "SKU-311"}, {"location": "BLOCK-5-R-6-S-4", "sku": "SKU-659"}, {"location": "BLOCK-3-R-2-S-1", "sku": "SKU-859"}], "order_id": "6158dd38-7cd7-4ff8-b4d4-aa2d322e5671", "status": "CREATED", "timestamp": "2020-10-01 07:58:45.614333"}
{"items": [{"location": "BLOCK-3-R-1-S-7", "sku": "SKU-394"}, {"location": "BLOCK-5-R-6-S-4", "sku": "SKU-754"}, {"location": "BLOCK-1-R-6-S-2", "sku": "SKU-708"}], "order_id": "025db6a2-d1a0-4f3d-8d91-f3c00f8236c4", "status": "CREATED", "timestamp": "2020-10-01 07:59:45.617952"}
{"items": [{"location": "BLOCK-1-R-5-S-8", "sku": "SKU-590"}, {"location": "BLOCK-5-R-5-S-5", "sku": "SKU-409"}], "order_id": "7681ea25-c1bf-4bf3-bfc5-2b9a373e8283", "status": "CREATED", "timestamp": "2020-10-01 08:00:45.608033"}
{"items": [{"location": "BLOCK-4-R-1-S-10", "sku": "SKU-887"}, {"location": "BLOCK-4-R-1-S-3", "sku": "SKU-472"}], "order_id": "b124745a-8b97-42b2-9c03-92e274fb572b", "status": "CREATED", "timestamp": "2020-10-01 08:00:45.622042"}
{"items": [{"location": "BLOCK-3-R-3-S-9", "sku": "SKU-244"}, {"location": "BLOCK-2-R-7-S-8", "sku": "SKU-295"}], "order_id": "77f67a6e-7160-4ffa-80e4-2521d3b8458a", "status": "CREATED", "timestamp": "2020-10-01 08:00:45.622947"}
{"items": [{"location": "BLOCK-2-R-2-S-2", "sku": "SKU-560"}], "order_id": "07705e3a-6641-4c69-8e2c-496ffb51d144", "status": "CREATED", "timestamp": "2020-10-01 08:00:45.629279"}
{"items": [{"location": "BLOCK-5-R-6-S-5", "sku": "SKU-949"}, {"location": "BLOCK-3-R-5-S-3", "sku": "SKU-652"}, {"location": "BLOCK-5-R-4-S-1", "sku": "SKU-485"}], "order_id": "26518aef-c0dc-4236-867a-7ae45b4f22e2", "status": "CREATED", "timestamp": "2020-10-01 08:01:45.619799"}
{"items": [{"location": "BLOCK-5-R-7-S-8", "sku": "SKU-95"}, {"location": "BLOCK-2-R-3-S-9", "sku": "SKU-702"}, {"location": "BLOCK-2-R-1-S-1", "sku": "SKU-973"}], "order_id": "e88e4bb3-9b17-477e-824e-999e4c33831e", "status": "CREATED", "timestamp": "2020-10-01 08:02:45.610081"}
{"items": [{"location": "BLOCK-5-R-3-S-1", "sku": "SKU-197"}], "order_id": "7980f2df-a4a9-4bd7-9aed-4060b45134e9", "status": "CREATED", "timestamp": "2020-10-01 08:02:45.613886"}
{"items": [{"location": "BLOCK-5-R-3-S-8", "sku": "SKU-525"}, {"location": "BLOCK-3-R-6-S-5", "sku": "SKU-12"}], "order_id": "56b8fda3-6334-482d-9532-0954012f3241", "status": "CREATED", "timestamp": "2020-10-01 08:02:45.615631"}
{"items": [{"location": "BLOCK-5-R-2-S-1", "sku": "SKU-706"}], "order_id": "24c71031-d202-4510-bb2f-6e6e2d122f1e", "status": "CREATED", "timestamp": "2020-10-01 08:02:45.632783"}
{"items": [{"location": "BLOCK-4-R-5-S-8", "sku": "SKU-817"}, {"location": "BLOCK-5-R-6-S-8", "sku": "SKU-686"}, {"location": "BLOCK-1-R-1-S-6", "sku": "SKU-997"}], "order_id": "80821bda-f94a-4fec-a017-7eed9ed27d0a", "status": "CREATED", "timestamp": "2020-10-01 08:03:45.627259"}
{"items": [{"location": "BLOCK-3-R-5-S-4", "sku": "SKU-371"}], "order_id": "e3a0d25b-55c1-4a93-a2e0-3ecef2cccb98", "status": "CREATED", "timestamp": "2020-10-01 08:03:45.630240"}
{"items": [{"location": "BLOCK-3-R-5-S-5", "sku": "SKU-923"}, {"location": "BLOCK-2-R-3-S-10", "sku": "SKU-820"}], "order_id": "561b784c-6f18-4716-b6d5-59eb810cdfe8", "status": "CREATED", "timestamp": "2020-10-01 08:04:45.629629"}
{"items": [{"location": "BLOCK-2-R-3-S-5", "sku": "SKU-534"}, {"location": "BLOCK-1-R-3-S-9", "sku": "SKU-548"}], "order_id": "91694dc7-b9ae-46a5-8a45-2fef741abf8d", "status": "CREATED", "timestamp": "2020-10-01 08:04:45.630211"}
{"items": [{"location": "BLOCK-3-R-7-S-4", "sku": "SKU-105"}, {"location": "BLOCK-4-R-6-S-5", "sku": "SKU-225"}, {"location": "BLOCK-2-R-6-S-4", "sku": "SKU-878"}], "order_id": "d9562138-f9ca-42dd-8ee8-bddfcd7dcd49", "status": "CREATED", "timestamp": "2020-10-01 08:05:45.614189"}
{"items": [{"location": "BLOCK-2-R-3-S-2", "sku": "SKU-556"}, {"location": "BLOCK-5-R-4-S-6", "sku": "SKU-670"}, {"location": "BLOCK-5-R-4-S-9", "sku": "SKU-319"}], "order_id": "44fe2a92-0735-45c2-a75b-d1bdad7c85df", "status": "CREATED", "timestamp": "2020-10-01 08:05:45.625722"}
{"items": [{"location": "BLOCK-1-R-3-S-4", "sku": "SKU-548"}, {"location": "BLOCK-1-R-6-S-7", "sku": "SKU-649"}, {"location": "BLOCK-4-R-4-S-1", "sku": "SKU-356"}], "order_id": "014d7340-2c11-4265-a643-99e70833f5b7", "status": "CREATED", "timestamp": "2020-10-01 08:06:45.627580"}
{"items": [{"location": "BLOCK-1-R-2-S-8", "sku": "SKU-639"}], "order_id": "7b0a01db-bc63-4a18-b234-5b7d05ba32b5", "status": "CREATED", "timestamp": "2020-10-01 08:07:45.616133"}
{"items": [{"location": "BLOCK-1-R-3-S-8", "sku": "SKU-649"}, {"location": "BLOCK-1-R-3-S-5", "sku": "SKU-355"}], "order_id": "ef0a6fcd-cd75-48a0-8eea-cfb83ee9dde1", "status": "CREATED", "timestamp": "2020-10-01 08:07:45.617998"}
{"items": [{"location": "BLOCK-3-R-1-S-6", "sku": "SKU-357"}, {"location": "BLOCK-5-R-7-S-4", "sku": "SKU-825"}], "order_id": "e5079086-5613-4204-9811-289aaa6f4cb5", "status": "CREATED", "timestamp": "2020-10-01 08:08:45.609473"}
{"items": [{"location": "BLOCK-2-R-7-S-1", "sku": "SKU-393"}, {"location": "BLOCK-4-R-4-S-6", "sku": "SKU-883"}, {"location": "BLOCK-1-R-6-S-7", "sku": "SKU-832"}], "order_id": "46755ce6-1ef6-4925-8134-cee69745de8b", "status": "CREATED", "timestamp": "2020-10-01 08:08:45.627307"}
{"items": [{"location": "BLOCK-2-R-1-S-4", "sku": "SKU-340"}], "order_id": "146f7cb5-84d5-4834-b915-ffd1abc11a37", "status": "CREATED", "timestamp": "2020-10-01 08:09:45.614420"}
{"items": [{"location": "BLOCK-1-R-7-S-4", "sku": "SKU-236"}, {"location": "BLOCK-4-R-2-S-5", "sku": "SKU-966"}, {"location": "BLOCK-3-R-3-S-6", "sku": "SKU-699"}], "order_id": "06ce3859-e727-4d0e-8dfc-412151e7f882", "status": "CREATED", "timestamp": "2020-10-01 08:09:45.619308"}
{"items": [{"location": "BLOCK-1-R-5-S-6", "sku": "SKU-72"}, {"location": "BLOCK-5-R-7-S-1", "sku": "SKU-223"}], "order_id": "b4a4ee04-7094-4ccc-bbc3-727858c45954", "status": "CREATED", "timestamp": "2020-10-01 08:10:45.622389"}
{"items": [{"location": "BLOCK-4-R-2-S-2", "sku": "SKU-430"}, {"location": "BLOCK-5-R-5-S-8", "sku": "SKU-950"}], "order_id": "3e322438-7c39-43c9-a2fc-6e293e9245c9", "status": "CREATED", "timestamp": "2020-10-01 08:10:45.629841"}
{"items": [{"location": "BLOCK-1-R-2-S-1", "sku": "SKU-837"}], "order_id": "9e12e875-afc6-4d26-a253-8ccf7435e237", "status": "CREATED", "timestamp": "2020-10-01 08:11:45.625354"}
{"items": [{"location": "BLOCK-1-R-3-S-9", "sku": "SKU-574"}, {"location": "BLOCK-4-R-6-S-10", "sku": "SKU-740"}, {"location": "BLOCK-2-R-1-S-4", "sku": "SKU-225"}], "order_id": "88ee259e-59ac-4efd-b2bf-927306a88fdc", "status": "CREATED", "timestamp": "2020-10-01 08:11:45.629080"}
{"items": [{"location": "BLOCK-4-R-2-S-4", "sku": "SKU-638"}, {"location": "BLOCK-1-R-1-S-5", "sku": "SKU-985"}], "order_id": "c33fc5e1-996d-4f83-a313-cf6130137156", "status": "CREATED", "timestamp": "2020-10-01 08:12:45.621956"}
{"items": [{"location": "BLOCK-2-R-2-S-8", "sku": "SKU-827"}, {"location": "BLOCK-2-R-2-S-9", "sku": "SKU-989"}, {"location": "BLOCK-1-R-4-S-3", "sku": "SKU-455"}], "order_id": "bdf7c0e5-7f88-42ed-b9e0-6585a1238b52", "status": "CREATED", "timestamp": "2020-10-01 08:12:45.631438"}
{"items": [{"location": "BLOCK-4-R-6-S-2", "sku": "SKU-662"}, {"location": "BLOCK-2-R-5-S-3", "sku": "SKU-812"}], "order_id": "38bd0061-18e6-4f45-aeed-8307e400843e", "status": "CREATED", "timestamp": "2020-10-01 08:13:45.616840"}
{"items": [{"location": "BLOCK-3-R-4-S-1", "sku": "SKU-476"}], "order_id": "fbe1d522-3972-4b4e-96fb-9823f964def1", "status": "CREATED", "timestamp": "2020-10-01 08:13:45.617193"}
{"items": [{"location": "BLOCK-4-R-2-S-5", "sku": "SKU-993"}, {"location": "BLOCK-4-R-5-S-8", "sku": "SKU-880"}], "order_id": "631c43fd-69a4-40f9-896f-cecdacb0fc81", "status": "CREATED", "timestamp": "2020-10-01 08:13:45.626973"}
{"items": [{"location": "BLOCK-1-R-1-S-5", "sku": "SKU-58"}], "order_id": "e3d1c735-debc-411e-b681-4ab4ebb67344", "status": "CREATED", "timestamp": "2020-10-01 08:13:45.632900"}
{"items": [{"location": "BLOCK-1-R-7-S-9", "sku": "SKU-511"}], "order_id": "0c812c39-bde1-4397-9803-394f60ac4344", "status": "CREATED", "timestamp": "2020-10-01 08:14:45.612263"}
{"items": [{"location": "BLOCK-4-R-6-S-8", "sku": "SKU-661"}], "order_id": "3692b049-a5bf-4559-b0aa-a769f46692ff", "status": "CREATED", "timestamp": "2020-10-01 08:14:45.615812"}
{"items": [{"location": "BLOCK-2-R-6-S-7", "sku": "SKU-579"}, {"location": "BLOCK-2-R-4-S-8", "sku": "SKU-135"}, {"location": "BLOCK-3-R-5-S-10", "sku": "SKU-672"}], "order_id": "481467a3-4610-4916-8c70-1509411469d3", "status": "CREATED", "timestamp": "2020-10-01 08:15:45.617586"}
