{"items": [{"location": "BLOCK-5-R-6-S-9", "sku": "SKU-307"}, {"location": "BLOCK-4-R-5-S-9", "sku": "SKU-855"}], "order_id": "87157687-1121-4c97-8a6f-7c242fee903b", "status": "PROCESSING", "timestamp": "2020-10-01 10:39:45.629594"}
{"items": [{"location": "BLOCK-1-R-1-S-1", "sku": "SKU-193"}, {"location": "BLOCK-3-R-7-S-7", "sku": "SKU-235"}], "order_id": "0a95e529-283c-451c-a430-db06aabdb6f0", "status": "SHIPPED", "timestamp": "2020-10-01 10:40:45.613543"}
{"items": [{"location": "BLOCK-3-R-7-S-8", "sku": "SKU-722"}, {"location": "BLOCK-5-R-1-S-10", "sku": "SKU-709"}, {"location": "BLOCK-1-R-6-S-10", "sku": "SKU-295"}], "order_id": "fdd83bda-572c-4bbd-8cab-711fdd47ba41", "status": "PROCESSING", "timestamp": "2020-10-01 10:40:45.614806"}
{"items": [{"location": "BLOCK-5-R-6-S-7", "sku": "SKU-755"}, {"location": "BLOCK-2-R-2-S-5", "sku": "SKU-100"}], "order_id": "1ac9b8cc-3d16-4d78-9494-e780e5ec86c7", "status": "PROCESSING", "timestamp": "2020-10-01 10:40:45.615120"}
{"items": [{"location": "BLOCK-4-R-5-S-2", "sku": "SKU-622"}, {"location": "BLOCK-1-R-2-S-9", "sku": "SKU-736"}], "order_id": "ef2aabf7-b171-480a-af6d-ceef58238f40", "status": "SHIPPED", "timestamp": "2020-10-01 10:40:45.616327"}
{"items": [{"location": "BLOCK-2-R-2-S-6", "sku": "SKU-966"}, {"location": "BLOCK-5-R-4-S-8", "sku": "SKU-883"}, {"location": "BLOCK-2-R-3-S-3", "sku": "SKU-203"}], "order_id": "cbacb044-91d8-4471-95c2-4cfa4b79c0d1", "status": "PROCESSING", "timestamp": "2020-10-01 10:40:45.621054"}
{"items": [{"location": "BLOCK-5-R-2-S-5", "sku": "SKU-683"}, {"location": "BLOCK-2-R-6-S-8", "sku": "SKU-737"}, {"location": "BLOCK-1-R-3-S-7", "sku": "SKU-914"}], "order_id": "91236566-347d-40c4-8621-2262651f1cb6", "status": "SHIPPED", "timestamp": "2020-10-01 10:40:45.625109"}
{"items": [{"location": "BLOCK-3-R-2-S-5", "sku": "SKU-787"}, {"location": "BLOCK-4-R-2-S-6", "sku": "SKU-684"}, {"location": "BLOCK-5-R-1-S-3", "sku": "SKU-897"}], "order_id": "28a1a2c2-c4cf-4260-91b9-85ddd6464dde", "status": "SHIPPED", "timestamp": "2020-10-01 10:40:45.628141"}
{"items": [{"location": "BLOCK-3-R-1-S-9", "sku": "SKU-133"}, {"location": "BLOCK-3-R-7-S-10", "sku": "SKU-248"}], "order_id": "0b1ada28-7b85-42f3-82fd-45b764ce6646", "status": "PROCESSING", "timestamp": "2020-10-01 10:40:45.630284"}
{"items": [{"location": "BLOCK-4-R-2-S-9", "sku": "SKU-838"}, {"location": "BLOCK-5-R-2-S-9", "sku": "SKU-475"}], "order_id": "03006977-674f-4064-bbc9-929d039c2503", "status": "SHIPPED", "timestamp": "2020-10-01 10:41:45.621207"}
{"items": [{"location": "BLOCK-1-R-6-S-1", "sku": "SKU-853"}, {"location": "BLOCK-3-R-5-S-6", "sku": "SKU-620"}, {"location": "BLOCK-4-R-4-S-8", "sku": "SKU-474"}], "order_id": "945d5b38-4692-48fc-aec8-1fc930956386", "status": "PROCESSING", "timestamp": "2020-10-01 10:41:45.628972"}
{"items": [{"location": "BLOCK-5-R-3-S-3", "sku": "SKU-514"}], "order_id": "14866967-3d0f-4e81-97b9-bbd286e4e278", "status": "SHIPPED", "timestamp": "2020-10-01 10:42:45.619225"}
{"items": [{"location": "BLOCK-5-R-5-S-4", "sku": "SKU-92"}], "order_id": "f5e16922-3410-4a19-afb2-6f284f8a614a", "status": "PROCESSING", "timestamp": "2020-10-01 10:42:45.632074"}
{"items": [{"location": "BLOCK-2-R-3-S-8", "sku": "SKU-521"}], "order_id": "94070954-db24-4963-8a5a-a433cc6f271a", "status": "PROCESSING", "timestamp": "2020-10-01 10:42:45.632839"}
{"items": [{"location": "BLOCK-2-R-7-S-8", "sku": "SKU-61"}, {"location": "BLOCK-1-R-6-S-9", "sku": "SKU-426"}], "order_id": "94660acd-5f0b-4a27-9f8d-153d1c985a0a", "status": "SHIPPED", "timestamp": "2020-10-01 10:43:45.621510"}
{"items": [{"location": "BLOCK-1-R-1-S-2", "sku": "SKU-16"}, {"location": "BLOCK-5-R-6-S-9", "sku": "SKU-805"}, {"location": "BLOCK-1-R-7-S-9", "sku": "SKU-939"}], "order_id": "3582a1ac-68b7-4868-9a82-34413451a311", "status": "PROCESSING", "timestamp": "2020-10-01 10:43:45.629328"}
{"items": [{"location": "BLOCK-3-R-3-S-10", "sku": "SKU-840"}, {"location": "BLOCK-4-R-4-S-4", "sku": "SKU-689"}], "order_id": "6ed0d943-a79b-4f82-b9ea-07e66b59364e", "status": "SHIPPED", "timestamp": "2020-10-01 10:44:45.615731"}
{"items": [{"location": "BLOCK-3-R-7-S-2", "sku": "SKU-438"}, {"location": "BLOCK-3-R-2-S-2", "sku": "SKU-351"}], "order_id": "706f22d8-9caa-4d31-be62-3aad5cf19fa7", "status": "PROCESSING", "timestamp": "2020-10-01 10:44:45.625009"}
{"items": [{"location": "BLOCK-4-R-6-S-3", "sku": "SKU-768"}, {"location": "BLOCK-5-R-6-S-7", "sku": "SKU-13"}, {"location": "BLOCK-2-R-6-S-10", "sku": "SKU-479"}], "order_id": "319efffa-ac77-46fc-bdea-3623c0808a55", "status": "SHIPPED", "timestamp": "2020-10-01 10:44:45.625222"}
{"items": [{"location": "BLOCK-3-R-1-S-1", "sku": "SKU-422"}, {"location": "BLOCK-4-R-2-S-4", "sku": "SKU-888"}, {"location": "BLOCK-3-R-4-S-6", "sku": "SKU-807"}], "order_id": "8ccfad54-7b3d-475c-ac87-2d9bc90a556d", "status": "SHIPPED", "timestamp": "2020-10-01 10:44:45.632938"}
{"items": [{"location": "BLOCK-4-R-4-S-6", "sku": "SKU-882"}], "order_id": "243e0a82-bb54-4aa0-987d-afdbb03b8954", "status": "PROCESSING", "timestamp": "2020-10-01 10:45:45.613844"}
{"items": [{"location": "BLOCK-3-R-1-S-4", "sku": "SKU-450"}, {"location": "BLOCK-3-R-5-S-6", "sku": "SKU-819"}], "order_id": "62275af3-963a-469e-8a4f-59dd531a8340", "status": "SHIPPED", "timestamp": "2020-10-01 10:45:45.617104"}
{"items": [{"location": "BLOCK-2-R-4-S-10", "sku": "SKU-826"}], "order_id": "dd0073fd-31b0-4dc5-bdae-360314fe7ece", "status": "PROCESSING", "timestamp": "2020-10-01 10:45:45.621871"}
{"items": [{"location": "BLOCK-1-R-1-S-5", "sku": "SKU-570"}, {"location": "BLOCK-3-R-4-S-3", "sku": "SKU-708"}, {"location": "BLOCK-4-R-6-S-5", "sku": "SKU-205"}], "order_id": "b684e959-ef4a-4ce2-a006-5c11961b4f36", "status": "PROCESSING", "timestamp": "2020-10-01 10:45:45.630082"}
{"items": [{"location": "BLOCK-2-R-6-S-3", "sku": "SKU-859"}, {"location": "BLOCK-2-R-7-S-10", "sku": "SKU-131"}], "order_id": "aaa3e9bb-b427-4857-b140-d021bd5e2bfc", "status": "SHIPPED", "timestamp": "2020-10-01 10:45:45.630744"}
{"items": [{"location": "BLOCK-2-R-7-S-8", "sku": "SKU-736"}, {"location": "BLOCK-4-R-7-S-8", "sku": "SKU-359"}, {"location": "BLOCK-4-R-4-S-5", "sku": "SKU-791"}], "order_id": "0833bb36-e2cb-4f2b-8287-96ad704b6908", "status": "SHIPPED", "timestamp": "2020-10-01 10:45:45.633861"}
{"items": [{"location": "BLOCK-5-R-1-S-9", "sku": "SKU-683"}, {"location": "BLOCK-2-R-6-S-6", "sku": "SKU-333"}], "order_id": "cbf67a74-71b7-4832-897b-80066d156559", "status": "PROCESSING", "timestamp": "2020-10-01 10:46:45.609697"}
{"items": [{"location": "BLOCK-1-R-4-S-7", "sku": "SKU-939"}], "order_id": "2791dac4-cf10-4dca-80b7-83392e4f61c0", "status": "SHIPPED", "timestamp": "2020-10-01 10:46:45.613585"}
{"items": [{"location": "BLOCK-2-R-2-S-2", "sku": "SKU-539"}], "order_id": "48a6502e-29d3-4dc3-8266-2d0581734ca3", "status": "PROCESSING", "timestamp": "2020-10-01 10:46:45.619927"}
{"items": [{"location": "BLOCK-3-R-4-S-8", "sku": "SKU-157"}, {"location": "BLOCK-4-R-7-S-9", "sku": "SKU-197"}], "order_id": "a9ca442e-c0c0-41db-9e0f-6596c572f55f", "status": "SHIPPED", "timestamp": "2020-10-01 10:46:45.622631"}
{"items": [{"location": "BLOCK-5-R-2-S-9", "sku": "SKU-565"}], "order_id": "46089efa-e74f-4dc2-bc1c-afd9424b07b8", "status": "PROCESSING", "timestamp": "2020-10-01 10:46:45.623324"}
{"items": [{"location": "BLOCK-5-R-5-S-6", "sku": "SKU-950"}, {"location": "BLOCK-3-R-2-S-4", "sku": "SKU-607"}], "order_id": "4a9a879f-9944-4002-870f-f4468de6ee66", "status": "SHIPPED", "timestamp": "2020-10-01 10:47:45.609910"}
{"items": [{"location": "BLOCK-1-R-7-S-8", "sku": "SKU-700"}, {"location": "BLOCK-5-R-6-S-9", "sku": "SKU-644"}, {"location": "BLOCK-1-R-4-S-5", "sku": "SKU-768"}], "order_id": "d3f84dec-3a4c-4308-9f45-9a99bdc77b6c", "status": "PROCESSING", "timestamp": "2020-10-01 10:47:45.620875"}
{"items": [{"location": "BLOCK-3-R-5-S-9", "sku": "SKU-255"}], "order_id": "a00c4a15-c692-4290-b071-2b3673e895c3", "status": "SHIPPED", "timestamp": "2020-10-01 10:47:45.624937"}
{"items": [{"location": "BLOCK-4-R-3-S-4", "sku": "SKU-263"}, {"location": "BLOCK-5-R-7-S-5", "sku": "SKU-850"}], "order_id": "d1d703f4-c44f-4853-a5c9-7d7899d7f686", "status": "SHIPPED", "timestamp": "2020-10-01 10:47:45.633056"}
{"items": [{"location": "BLOCK-5-R-6-S-9", "sku": "SKU-198"}, {"location": "BLOCK-2-R-3-S-4", "sku": "SKU-584"}, {"location": "BLOCK-3-R-3-S-5", "sku": "SKU-25"}], "order_id": "9c8d327c-f59f-444a-b1f4-82637854808d", "status": "PROCESSING", "timestamp": "2020-10-01 10:48:45.631251"}
{"items": [{"location": "BLOCK-1-R-2-S-7", "sku": "SKU-434"}, {"location": "BLOCK-5-R-7-S-9", "sku": "SKU-482"}], "order_id": "64d5ca40-1c41-4214-8b0f-f146b43c18f7", "status": "PROCESSING", "timestamp": "2020-10-01 10:49:45.619507"}
{"items": [{"location": "BLOCK-4-R-5-S-1", "sku": "SKU-318"}], "order_id": "cbcc636f-ba33-4a6c-bb0c-7d0c3bceb3de", "status": "SHIPPED", "timestamp": "2020-10-01 10:49:45.622857"}
{"items": [{"location": "BLOCK-4-R-3-S-2", "sku": "SKU-46"}, {"location": "BLOCK-4-R-6-S-10", "sku": "SKU-672"}], "order_id": "56948b0b-3035-4a95-a221-3b5c01e301d3", "status": "SHIPPED", "timestamp": "2020-10-01 10:50:45.614695"}
{"items": [{"location": "BLOCK-4-R-1-S-5", "sku": "SKU-150"}, {"location": "BLOCK-5-R-6-S-5", "sku": "SKU-910"}], "order_id": "c92f45f0-564d-42fb-afb3-f85a76edfd5c", "status": "SHIPPED", "timestamp": "2020-10-01 10:50:45.616691"}
